,county,Savings
1,1001,-100
2,1003,-148
3,1005,-133
4,1007,-96
5,1009,-72
6,1011,-149
7,1013,-101
8,1015,-134
9,1017,-114
10,1019,-115
11,1021,-101
12,1025,-96
13,1031,-97
14,1033,-151
15,1035,-80
16,1039,-139
17,1041,-127
18,1043,-78
19,1045,-127
20,1047,-91
21,1049,-101
22,1051,-92
23,1053,-97
24,1055,-139
25,1057,-92
26,1059,-135
27,1061,-95
28,1063,-61
29,1065,-76
30,1069,-89
31,1071,-113
32,1073,-79
33,1077,-117
34,1079,-145
35,1081,-102
36,1083,-108
37,1089,-90
38,1091,-78
39,1093,-98
40,1095,-97
41,1097,-89
42,1099,-105
43,1101,-97
44,1103,-124
45,1107,-104
46,1109,-133
47,1111,-121
48,1113,-104
49,1115,-84
50,1117,-79
51,1119,-63
52,1121,-111
53,1123,-109
54,1125,-67
55,1127,-96
56,1129,-93
57,1131,-72
58,1133,-103
59,2020,-158
60,2050,-96
61,2090,-164
62,2110,-207
63,2122,-165
64,2130,-139
65,2150,-237
66,2170,-225
67,2180,-141
68,2188,-200
69,2220,-184
70,2261,-207
71,4001,-154
72,4003,-126
73,4005,-94
74,4007,-200
75,4009,-130
76,4012,-190
77,4013,-67
78,4015,-255
79,4017,-140
80,4019,-67
81,4021,-77
82,4023,-128
83,4025,-149
84,4027,-81
85,5001,-49
86,5003,-74
87,5005,-98
88,5007,-82
89,5009,-122
90,5015,-73
91,5017,-84
92,5019,-65
93,5021,-85
94,5023,-69
95,5027,-172
96,5029,-70
97,5031,-61
98,5033,-72
99,5035,-58
100,5037,-83
101,5039,-62
102,5041,-88
103,5043,-76
104,5045,-52
105,5049,-93
106,5051,-82
107,5055,-82
108,5057,-79
109,5059,-73
110,5061,-106
111,5063,-81
112,5069,-56
113,5071,-88
114,5075,-61
115,5081,-118
116,5083,-74
117,5091,-114
118,5093,-71
119,5103,-100
120,5107,-80
121,5115,-87
122,5119,-42
123,5121,-67
124,5123,-141
125,5125,-56
126,5127,-98
127,5131,-61
128,5133,-79
129,5137,-79
130,5139,-128
131,5141,-57
132,5143,-75
133,5145,-79
134,5149,-73
135,6001,-124
136,6005,-194
137,6007,-301
138,6009,-166
139,6011,-261
140,6013,-102
141,6015,-236
142,6017,-232
143,6019,-98
144,6023,-306
145,6025,-76
146,6027,-176
147,6029,-64
148,6031,-113
149,6033,-216
150,6035,-134
151,6037,-160
152,6039,-86
153,6041,-107
154,6043,-69
155,6045,-118
156,6047,-114
157,6049,-194
158,6053,-86
159,6055,-219
160,6057,-68
161,6059,-129
162,6061,-153
163,6063,-129
164,6065,-129
165,6067,-167
166,6069,-157
167,6071,-136
168,6073,-93
169,6075,-164
170,6077,-146
171,6079,-74
172,6081,-142
173,6083,-77
174,6085,-150
175,6087,-162
176,6089,-109
177,6093,-180
178,6095,-188
179,6097,-129
180,6099,-188
181,6103,-219
182,6105,-135
183,6107,-125
184,6109,-217
185,6111,-166
186,6113,-189
187,6115,-163
188,8001,-99
189,8005,-87
190,8007,-73
191,8013,-80
192,8015,-150
193,8021,-148
194,8029,-130
195,8031,-85
196,8035,-88
197,8037,-197
198,8041,-56
199,8043,-130
200,8045,-171
201,8049,-124
202,8051,-105
203,8055,-100
204,8059,-69
205,8063,-143
206,8065,-177
207,8067,-80
208,8069,-80
209,8071,-178
210,8073,-134
211,8075,-217
212,8077,-77
213,8081,-218
214,8083,-97
215,8085,-119
216,8087,-253
217,8089,-152
218,8097,-169
219,8099,-194
220,8101,-116
221,8103,-149
222,8105,-137
223,8107,-158
224,8117,-120
225,8119,-61
226,8123,-135
227,8125,-194
228,9001,-131
229,9003,-111
230,9005,-109
231,9007,-89
232,9009,-113
233,9011,-95
234,9013,-133
235,9015,-125
236,10001,-72
237,10003,-76
238,10005,-100
239,11001,-95
240,12001,-89
241,12003,-67
242,12005,-141
243,12007,-83
244,12009,-71
245,12011,-82
246,12013,-121
247,12015,-81
248,12017,-59
249,12019,-87
250,12021,-67
251,12023,-65
252,12027,-70
253,12031,-69
254,12033,-64
255,12035,-120
256,12037,-91
257,12039,-108
258,12049,-90
259,12051,-86
260,12053,-81
261,12055,-144
262,12057,-74
263,12059,-77
264,12061,-86
265,12063,-107
266,12069,-100
267,12071,-61
268,12073,-99
269,12075,-80
270,12079,-115
271,12081,-63
272,12083,-68
273,12085,-73
274,12086,-98
275,12087,-227
276,12089,-94
277,12091,-216
278,12095,-65
279,12097,-86
280,12099,-61
281,12101,-72
282,12103,-60
283,12105,-108
284,12107,-78
285,12109,-67
286,12111,-113
287,12113,-84
288,12115,-63
289,12117,-68
290,12119,-64
291,12121,-75
292,12123,-138
293,12127,-93
294,12131,-199
295,12133,-87
296,13001,-105
297,13009,-126
298,13013,-125
299,13015,-89
300,13017,-139
301,13019,-77
302,13021,-91
303,13027,-101
304,13031,-260
305,13033,-101
306,13035,-104
307,13037,-184
308,13039,-93
309,13043,-198
310,13045,-87
311,13047,-108
312,13049,-79
313,13051,-48
314,13057,-80
315,13059,-166
316,13063,-57
317,13065,-95
318,13067,-69
319,13069,-83
320,13071,-150
321,13075,-121
322,13077,-87
323,13081,-128
324,13083,-98
325,13087,-170
326,13089,-78
327,13091,-91
328,13095,-186
329,13097,-61
330,13099,-122
331,13103,-78
332,13105,-151
333,13107,-162
334,13109,-175
335,13111,-148
336,13113,-55
337,13115,-90
338,13117,-129
339,13119,-132
340,13121,-78
341,13123,-128
342,13127,-73
343,13129,-114
344,13131,-137
345,13133,-146
346,13135,-68
347,13137,-94
348,13139,-79
349,13143,-99
350,13147,-146
351,13151,-57
352,13153,-183
353,13155,-146
354,13157,-118
355,13159,-56
356,13161,-132
357,13163,-95
358,13165,-148
359,13173,-76
360,13175,-111
361,13179,-62
362,13185,-88
363,13187,-83
364,13189,-91
365,13193,-165
366,13199,-135
367,13205,-180
368,13207,-91
369,13211,-89
370,13213,-100
371,13215,-114
372,13217,-62
373,13223,-72
374,13227,-67
375,13233,-69
376,13235,-117
377,13237,-155
378,13241,-149
379,13243,-178
380,13245,-93
381,13247,-65
382,13251,-237
383,13253,-185
384,13255,-78
385,13259,-135
386,13261,-223
387,13267,-161
388,13275,-143
389,13277,-90
390,13281,-74
391,13285,-172
392,13291,-137
393,13293,-126
394,13297,-83
395,13299,-113
396,13303,-98
397,13305,-114
398,13309,-155
399,13313,-115
400,13317,-102
401,13321,-179
402,15001,-86
403,15003,-118
404,15007,-150
405,15009,-139
406,16001,-100
407,16005,-83
408,16007,-140
409,16011,-114
410,16013,-146
411,16017,-90
412,16019,-93
413,16021,-111
414,16027,-127
415,16035,-117
416,16039,-106
417,16041,-99
418,16047,-153
419,16049,-118
420,16053,-145
421,16055,-74
422,16057,-111
423,16065,-95
424,16067,-108
425,16069,-93
426,16071,-134
427,16077,-92
428,16079,-94
429,16081,-151
430,16083,-132
431,16085,-112
432,16087,-148
433,17001,-160
434,17005,-110
435,17011,-202
436,17019,-238
437,17021,-152
438,17025,-160
439,17027,-143
440,17029,-148
441,17031,-155
442,17033,-215
443,17037,-155
444,17039,-136
445,17043,-136
446,17045,-269
447,17049,-165
448,17051,-143
449,17053,-307
450,17055,-242
451,17057,-185
452,17061,-102
453,17063,-188
454,17065,-247
455,17067,-183
456,17073,-83
457,17075,-99
458,17077,-233
459,17081,-238
460,17083,-89
461,17085,-134
462,17089,-114
463,17091,-87
464,17095,-160
465,17097,-155
466,17099,-207
467,17101,-181
468,17103,-217
469,17105,-194
470,17107,-145
471,17109,-221
472,17111,-195
473,17113,-156
474,17115,-113
475,17117,-108
476,17119,-88
477,17121,-162
478,17125,-135
479,17127,-124
480,17131,-70
481,17135,-190
482,17137,-173
483,17141,-128
484,17143,-133
485,17145,-193
486,17147,-190
487,17157,-117
488,17159,-205
489,17161,-53
490,17163,-77
491,17165,-164
492,17167,-172
493,17169,-297
494,17173,-145
495,17177,-197
496,17179,-131
497,17181,-206
498,17183,-164
499,17185,-174
500,17187,-182
501,17189,-106
502,17191,-175
503,17195,-190
504,17197,-169
505,17199,-253
506,17201,-100
507,17203,-131
508,18001,-172
509,18003,-169
510,18005,-188
511,18009,-157
512,18011,-193
513,18017,-178
514,18019,-74
515,18021,-246
516,18023,-212
517,18027,-176
518,18029,-106
519,18031,-192
520,18033,-184
521,18035,-150
522,18037,-163
523,18039,-126
524,18041,-179
525,18043,-73
526,18049,-187
527,18051,-176
528,18053,-160
529,18055,-154
530,18057,-149
531,18059,-190
532,18061,-89
533,18063,-200
534,18065,-163
535,18069,-143
536,18071,-206
537,18073,-128
538,18077,-169
539,18079,-225
540,18081,-189
541,18083,-160
542,18085,-168
543,18087,-176
544,18089,-155
545,18091,-207
546,18093,-233
547,18095,-212
548,18097,-191
549,18099,-132
550,18103,-220
551,18105,-115
552,18107,-148
553,18109,-208
554,18113,-203
555,18117,-188
556,18123,-140
557,18127,-135
558,18131,-186
559,18133,-198
560,18135,-193
561,18137,-164
562,18139,-193
563,18141,-87
564,18145,-212
565,18149,-210
566,18151,-197
567,18153,-236
568,18157,-200
569,18159,-203
570,18163,-173
571,18165,-221
572,18167,-242
573,18169,-184
574,18171,-187
575,18173,-172
576,18175,-91
577,18177,-201
578,18179,-176
579,18181,-155
580,18183,-170
581,19001,-134
582,19003,-200
583,19005,-180
584,19007,-245
585,19009,-217
586,19011,-169
587,19013,-112
588,19015,-174
589,19017,-140
590,19019,-140
591,19027,-209
592,19029,-224
593,19033,-138
594,19035,-169
595,19037,-212
596,19039,-129
597,19041,-204
598,19043,-174
599,19045,-211
600,19047,-185
601,19049,-119
602,19055,-158
603,19057,-236
604,19059,-215
605,19061,-78
606,19063,-214
607,19065,-138
608,19069,-154
609,19071,-144
610,19073,-197
611,19075,-122
612,19077,-146
613,19079,-174
614,19081,-176
615,19083,-155
616,19085,-177
617,19089,-222
618,19095,-214
619,19097,-110
620,19099,-168
621,19101,-176
622,19103,-192
623,19105,-165
624,19107,-199
625,19109,-153
626,19111,-176
627,19113,-171
628,19117,-115
629,19119,-222
630,19121,-117
631,19123,-199
632,19125,-151
633,19127,-151
634,19131,-147
635,19133,-174
636,19137,-153
637,19139,-145
638,19141,-196
639,19145,-180
640,19149,-171
641,19153,-120
642,19155,-150
643,19157,-265
644,19161,-163
645,19163,-63
646,19165,-157
647,19167,-193
648,19169,-172
649,19175,-183
650,19179,-146
651,19183,-193
652,19187,-139
653,19191,-177
654,19193,-156
655,19197,-204
656,20001,-154
657,20003,-138
658,20005,-113
659,20009,-154
660,20011,-150
661,20013,-137
662,20015,-111
663,20021,-150
664,20027,-131
665,20029,-101
666,20031,-109
667,20035,-110
668,20037,-171
669,20039,-110
670,20041,-190
671,20045,-138
672,20051,-112
673,20055,-153
674,20059,-120
675,20067,-277
676,20073,-170
677,20079,-83
678,20083,-171
679,20085,-56
680,20087,-106
681,20091,-92
682,20095,-69
683,20099,-120
684,20103,-103
685,20109,-168
686,20111,-140
687,20113,-94
688,20115,-115
689,20117,-105
690,20119,-196
691,20121,-104
692,20125,-122
693,20127,-98
694,20133,-200
695,20143,-121
696,20149,-148
697,20151,-202
698,20155,-78
699,20159,-66
700,20161,-127
701,20167,-107
702,20169,-132
703,20173,-67
704,20175,-270
705,20177,-50
706,20189,-193
707,20191,-83
708,20193,-144
709,20205,-132
710,20209,-88
711,21001,-130
712,21003,-180
713,21009,-182
714,21013,-107
715,21015,-61
716,21017,-90
717,21019,-253
718,21021,-79
719,21027,-104
720,21033,-131
721,21035,-159
722,21037,-64
723,21041,-136
724,21045,-127
725,21047,-125
726,21049,-75
727,21051,-104
728,21053,-109
729,21055,-128
730,21059,-81
731,21065,-92
732,21067,-75
733,21069,-111
734,21071,-113
735,21075,-94
736,21081,-71
737,21083,-109
738,21085,-106
739,21087,-117
740,21093,-97
741,21095,-165
742,21097,-120
743,21099,-118
744,21101,-105
745,21107,-109
746,21111,-81
747,21115,-159
748,21117,-62
749,21121,-99
750,21125,-107
751,21127,-284
752,21131,-147
753,21133,-161
754,21137,-96
755,21139,-111
756,21141,-181
757,21145,-95
758,21151,-85
759,21155,-112
760,21157,-92
761,21161,-104
762,21167,-101
763,21171,-169
764,21173,-84
765,21175,-111
766,21177,-88
767,21179,-100
768,21181,-139
769,21183,-93
770,21185,-92
771,21187,-124
772,21193,-177
773,21195,-141
774,21199,-165
775,21203,-61
776,21205,-194
777,21207,-134
778,21211,-106
779,21213,-171
780,21221,-90
781,21225,-142
782,21227,-164
783,21231,-127
784,21235,-104
785,21239,-149
786,22001,-74
787,22003,-113
788,22005,-80
789,22007,-55
790,22009,-166
791,22011,-121
792,22013,-78
793,22015,-73
794,22017,-74
795,22019,-96
796,22021,-78
797,22027,-68
798,22029,-78
799,22031,-94
800,22033,-78
801,22035,-70
802,22037,-78
803,22039,-114
804,22041,-69
805,22045,-74
806,22047,-74
807,22049,-76
808,22051,-77
809,22053,-108
810,22055,-68
811,22057,-71
812,22059,-129
813,22061,-69
814,22063,-94
815,22065,-98
816,22067,-83
817,22069,-74
818,22071,-85
819,22073,-69
820,22077,-72
821,22079,-159
822,22081,-82
823,22083,-71
824,22085,-103
825,22089,-87
826,22091,-96
827,22093,-72
828,22095,-90
829,22097,-99
830,22099,-73
831,22101,-84
832,22103,-98
833,22105,-112
834,22109,-86
835,22111,-65
836,22113,-61
837,22115,-149
838,22117,-82
839,22119,-80
840,22123,-87
841,22125,-72
842,22127,-100
843,23001,-132
844,23003,-154
845,23005,-78
846,23007,-132
847,23009,-209
848,23011,-138
849,23013,-133
850,23015,-157
851,23017,-122
852,23019,-200
853,23021,-211
854,23025,-130
855,23027,-143
856,23029,-205
857,23031,-160
858,24001,-78
859,24003,-48
860,24005,-55
861,24009,-71
862,24013,-58
863,24015,-79
864,24017,-55
865,24019,-111
866,24021,-62
867,24023,-99
868,24025,-45
869,24027,-49
870,24029,-86
871,24031,-71
872,24033,-72
873,24037,-50
874,24039,-76
875,24041,-96
876,24043,-68
877,24045,-54
878,24047,-84
879,24510,-68
880,25001,-98
881,25003,-154
882,25005,-88
883,25007,-263
884,25009,-116
885,25011,-115
886,25013,-92
887,25015,-101
888,25017,-107
889,25019,-123
890,25021,-108
891,25023,-82
892,25025,-131
893,25027,-106
894,26003,-213
895,26005,-137
896,26011,-94
897,26015,-103
898,26017,-121
899,26019,-98
900,26021,-95
901,26023,-168
902,26025,-130
903,26027,-112
904,26029,-136
905,26031,-104
906,26033,-157
907,26037,-130
908,26039,-93
909,26041,-240
910,26043,-165
911,26045,-119
912,26047,-109
913,26049,-109
914,26051,-73
915,26053,-142
916,26055,-81
917,26057,-108
918,26059,-155
919,26061,-169
920,26063,-173
921,26065,-134
922,26067,-110
923,26069,-96
924,26071,-217
925,26073,-120
926,26075,-151
927,26077,-97
928,26079,-86
929,26081,-85
930,26087,-95
931,26091,-130
932,26093,-136
933,26099,-100
934,26101,-129
935,26103,-162
936,26105,-166
937,26107,-116
938,26111,-67
939,26115,-113
940,26117,-135
941,26121,-135
942,26123,-141
943,26125,-107
944,26127,-134
945,26129,-97
946,26131,-176
947,26133,-150
948,26137,-102
949,26139,-114
950,26141,-155
951,26145,-94
952,26147,-104
953,26149,-117
954,26151,-117
955,26153,-180
956,26155,-140
957,26157,-101
958,26159,-112
959,26161,-129
960,26163,-155
961,26165,-105
962,27001,-189
963,27003,-95
964,27005,-135
965,27013,-184
966,27015,-203
967,27017,-210
968,27019,-106
969,27021,-157
970,27023,-171
971,27025,-140
972,27033,-199
973,27035,-166
974,27037,-86
975,27041,-148
976,27047,-158
977,27049,-159
978,27053,-94
979,27057,-179
980,27059,-124
981,27061,-204
982,27063,-221
983,27065,-149
984,27067,-124
985,27071,-192
986,27079,-140
987,27083,-178
988,27085,-149
989,27089,-130
990,27091,-105
991,27093,-144
992,27095,-135
993,27097,-134
994,27103,-198
995,27107,-132
996,27109,-176
997,27111,-140
998,27115,-153
999,27119,-82
1000,27121,-139
1001,27123,-77
1002,27129,-164
1003,27131,-130
1004,27137,-178
1005,27139,-99
1006,27141,-116
1007,27143,-198
1008,27145,-123
1009,27147,-208
1010,27151,-164
1011,27153,-137
1012,27157,-156
1013,27159,-185
1014,27161,-182
1015,27163,-85
1016,27165,-201
1017,27169,-235
1018,27171,-114
1019,27173,-164
1020,28003,-106
1021,28007,-69
1022,28011,-164
1023,28013,-135
1024,28017,-117
1025,28019,-106
1026,28021,-96
1027,28023,-72
1028,28025,-126
1029,28027,-136
1030,28029,-75
1031,28031,-51
1032,28033,-58
1033,28035,-53
1034,28037,-93
1035,28041,-71
1036,28043,-111
1037,28045,-85
1038,28047,-111
1039,28049,-71
1040,28051,-69
1041,28059,-67
1042,28061,-57
1043,28063,-94
1044,28065,-62
1045,28067,-51
1046,28071,-128
1047,28073,-53
1048,28075,-80
1049,28077,-65
1050,28081,-97
1051,28083,-142
1052,28085,-112
1053,28087,-116
1054,28089,-53
1055,28091,-53
1056,28093,-63
1057,28095,-162
1058,28099,-67
1059,28101,-68
1060,28105,-114
1061,28107,-127
1062,28109,-80
1063,28113,-119
1064,28115,-87
1065,28117,-118
1066,28119,-118
1067,28121,-60
1068,28123,-65
1069,28127,-62
1070,28131,-96
1071,28133,-121
1072,28137,-62
1073,28139,-117
1074,28141,-106
1075,28145,-127
1076,28147,-68
1077,28149,-96
1078,28151,-137
1079,28153,-58
1080,28155,-97
1081,28157,-70
1082,28159,-82
1083,28161,-134
1084,28163,-75
1085,29001,-198
1086,29005,-142
1087,29009,-148
1088,29011,-135
1089,29013,-125
1090,29019,-71
1091,29021,-154
1092,29023,-137
1093,29027,-75
1094,29029,-124
1095,29031,-139
1096,29033,-122
1097,29037,-110
1098,29039,-148
1099,29047,-83
1100,29049,-101
1101,29051,-86
1102,29053,-106
1103,29065,-184
1104,29069,-132
1105,29071,-86
1106,29073,-108
1107,29077,-151
1108,29079,-113
1109,29083,-139
1110,29091,-157
1111,29093,-93
1112,29095,-107
1113,29097,-119
1114,29099,-92
1115,29101,-111
1116,29105,-176
1117,29107,-122
1118,29109,-158
1119,29113,-99
1120,29117,-125
1121,29121,-149
1122,29123,-89
1123,29127,-137
1124,29145,-128
1125,29147,-177
1126,29155,-148
1127,29157,-97
1128,29159,-98
1129,29161,-170
1130,29163,-129
1131,29165,-91
1132,29167,-146
1133,29169,-202
1134,29171,-186
1135,29175,-133
1136,29177,-86
1137,29179,-136
1138,29181,-165
1139,29183,-93
1140,29185,-165
1141,29186,-88
1142,29187,-101
1143,29189,-86
1144,29195,-90
1145,29201,-137
1146,29207,-141
1147,29213,-139
1148,29215,-161
1149,29217,-189
1150,29221,-92
1151,29510,-95
1152,30001,-142
1153,30007,-103
1154,30013,-94
1155,30029,-176
1156,30031,-107
1157,30041,-154
1158,30047,-159
1159,30049,-105
1160,30053,-85
1161,30057,-113
1162,30063,-145
1163,30067,-125
1164,30081,-147
1165,30083,-110
1166,30089,-108
1167,30093,-150
1168,30095,-93
1169,30111,-111
1170,31001,-140
1171,31019,-118
1172,31021,-184
1173,31023,-172
1174,31033,-227
1175,31037,-159
1176,31039,-178
1177,31041,-172
1178,31047,-144
1179,31053,-113
1180,31055,-119
1181,31067,-186
1182,31079,-107
1183,31081,-120
1184,31083,-149
1185,31089,-131
1186,31093,-145
1187,31099,-105
1188,31107,-204
1189,31109,-81
1190,31111,-123
1191,31119,-76
1192,31121,-188
1193,31125,-163
1194,31127,-150
1195,31131,-105
1196,31135,-178
1197,31141,-141
1198,31143,-177
1199,31147,-157
1200,31151,-118
1201,31153,-122
1202,31155,-109
1203,31157,-164
1204,31159,-98
1205,31177,-129
1206,31179,-138
1207,31185,-93
1208,32001,-104
1209,32003,-78
1210,32005,-82
1211,32007,-129
1212,32013,-98
1213,32019,-76
1214,32023,-96
1215,32027,-93
1216,32031,-61
1217,32510,-71
1218,33001,-160
1219,33003,-151
1220,33005,-161
1221,33007,-206
1222,33009,-153
1223,33011,-164
1224,33013,-136
1225,33015,-178
1226,33017,-186
1227,33019,-153
1228,34001,-108
1229,34003,-142
1230,34005,-100
1231,34007,-102
1232,34009,-121
1233,34011,-100
1234,34013,-102
1235,34015,-91
1236,34017,-149
1237,34019,-120
1238,34021,-111
1239,34023,-115
1240,34025,-120
1241,34027,-95
1242,34029,-85
1243,34031,-121
1244,34033,-104
1245,34035,-115
1246,34037,-154
1247,34039,-110
1248,34041,-135
1249,35001,-122
1250,35005,-186
1251,35006,-116
1252,35007,-131
1253,35009,-173
1254,35013,-150
1255,35015,-279
1256,35017,-154
1257,35025,-217
1258,35027,-162
1259,35029,-299
1260,35031,-209
1261,35035,-169
1262,35039,-128
1263,35041,-165
1264,35045,-111
1265,35047,-118
1266,35049,-77
1267,35055,-122
1268,36001,-142
1269,36003,-106
1270,36005,-137
1271,36007,-168
1272,36009,-117
1273,36011,-106
1274,36013,-96
1275,36015,-114
1276,36017,-166
1277,36019,-163
1278,36021,-135
1279,36023,-99
1280,36025,-144
1281,36027,-121
1282,36029,-87
1283,36031,-161
1284,36033,-132
1285,36035,-135
1286,36037,-131
1287,36043,-125
1288,36045,-182
1289,36047,-162
1290,36049,-142
1291,36051,-100
1292,36053,-122
1293,36055,-102
1294,36057,-139
1295,36059,-143
1296,36061,-165
1297,36063,-89
1298,36065,-132
1299,36067,-75
1300,36069,-103
1301,36071,-119
1302,36073,-102
1303,36075,-77
1304,36077,-117
1305,36079,-158
1306,36081,-164
1307,36083,-164
1308,36085,-161
1309,36087,-157
1310,36089,-124
1311,36091,-155
1312,36093,-164
1313,36095,-113
1314,36097,-124
1315,36101,-122
1316,36103,-144
1317,36105,-153
1318,36109,-94
1319,36111,-92
1320,36113,-139
1321,36117,-105
1322,36119,-169
1323,36121,-106
1324,36123,-102
1325,37001,-91
1326,37005,-98
1327,37007,-147
1328,37009,-91
1329,37011,-84
1330,37013,-95
1331,37015,-121
1332,37017,-70
1333,37019,-86
1334,37021,-74
1335,37023,-126
1336,37025,-97
1337,37027,-143
1338,37031,-147
1339,37035,-94
1340,37037,-78
1341,37039,-90
1342,37045,-134
1343,37047,-111
1344,37049,-47
1345,37051,-51
1346,37055,-146
1347,37057,-62
1348,37059,-59
1349,37061,-98
1350,37063,-80
1351,37065,-90
1352,37067,-56
1353,37069,-83
1354,37071,-106
1355,37077,-65
1356,37081,-62
1357,37083,-120
1358,37085,-61
1359,37087,-140
1360,37089,-87
1361,37097,-104
1362,37099,-149
1363,37101,-70
1364,37105,-55
1365,37107,-65
1366,37109,-113
1367,37111,-114
1368,37113,-127
1369,37117,-85
1370,37119,-86
1371,37121,-102
1372,37123,-170
1373,37125,-75
1374,37127,-98
1375,37129,-61
1376,37133,-153
1377,37135,-100
1378,37141,-59
1379,37145,-81
1380,37147,-57
1381,37149,-110
1382,37151,-69
1383,37153,-116
1384,37155,-112
1385,37157,-86
1386,37159,-121
1387,37161,-146
1388,37163,-58
1389,37165,-136
1390,37167,-174
1391,37169,-61
1392,37171,-91
1393,37173,-161
1394,37175,-92
1395,37179,-81
1396,37181,-113
1397,37183,-58
1398,37189,-103
1399,37191,-108
1400,37193,-98
1401,37195,-83
1402,37197,-67
1403,37199,-76
1404,38003,-138
1405,38015,-130
1406,38017,-111
1407,38035,-66
1408,38073,-233
1409,38089,-177
1410,38101,-119
1411,38105,-174
1412,39001,-117
1413,39003,-80
1414,39005,-114
1415,39007,-84
1416,39009,-173
1417,39011,-168
1418,39013,-155
1419,39015,-120
1420,39017,-105
1421,39021,-134
1422,39023,-102
1423,39025,-102
1424,39027,-66
1425,39029,-115
1426,39031,-133
1427,39033,-142
1428,39035,-91
1429,39037,-126
1430,39039,-259
1431,39041,-87
1432,39043,-165
1433,39045,-85
1434,39047,-136
1435,39049,-78
1436,39051,-104
1437,39053,-241
1438,39055,-76
1439,39057,-71
1440,39059,-141
1441,39061,-83
1442,39063,-90
1443,39065,-128
1444,39067,-126
1445,39069,-155
1446,39071,-100
1447,39073,-106
1448,39075,-78
1449,39077,-196
1450,39079,-208
1451,39081,-123
1452,39083,-113
1453,39085,-77
1454,39087,-198
1455,39089,-88
1456,39091,-134
1457,39093,-82
1458,39095,-76
1459,39097,-83
1460,39099,-93
1461,39101,-113
1462,39103,-86
1463,39107,-151
1464,39109,-136
1465,39113,-83
1466,39117,-118
1467,39119,-110
1468,39123,-126
1469,39125,-194
1470,39129,-110
1471,39131,-194
1472,39133,-85
1473,39139,-123
1474,39141,-122
1475,39143,-116
1476,39145,-223
1477,39147,-197
1478,39149,-187
1479,39151,-46
1480,39153,-79
1481,39155,-71
1482,39157,-81
1483,39159,-89
1484,39161,-123
1485,39165,-89
1486,39167,-204
1487,39169,-65
1488,39171,-193
1489,39173,-89
1490,39175,-92
1491,40001,-164
1492,40005,-133
1493,40007,-257
1494,40009,-205
1495,40011,-109
1496,40013,-162
1497,40015,-164
1498,40017,-82
1499,40019,-104
1500,40021,-103
1501,40023,-136
1502,40027,-66
1503,40031,-135
1504,40035,-162
1505,40037,-86
1506,40039,-131
1507,40041,-152
1508,40047,-121
1509,40049,-83
1510,40051,-135
1511,40055,-152
1512,40057,-145
1513,40059,-152
1514,40061,-66
1515,40065,-157
1516,40067,-115
1517,40069,-116
1518,40071,-167
1519,40073,-114
1520,40075,-136
1521,40077,-84
1522,40079,-66
1523,40081,-103
1524,40083,-87
1525,40085,-116
1526,40087,-61
1527,40089,-136
1528,40091,-93
1529,40093,-112
1530,40095,-128
1531,40097,-125
1532,40099,-94
1533,40101,-91
1534,40103,-138
1535,40105,-89
1536,40107,-102
1537,40109,-79
1538,40111,-97
1539,40113,-107
1540,40115,-154
1541,40117,-109
1542,40119,-132
1543,40121,-95
1544,40123,-155
1545,40125,-97
1546,40127,-101
1547,40131,-88
1548,40133,-130
1549,40135,-72
1550,40137,-145
1551,40139,-238
1552,40143,-75
1553,40145,-73
1554,40147,-75
1555,40149,-131
1556,40153,-180
1557,41001,-180
1558,41003,-97
1559,41005,-103
1560,41007,-197
1561,41011,-118
1562,41013,-146
1563,41015,-239
1564,41017,-137
1565,41019,-168
1566,41027,-174
1567,41029,-98
1568,41031,-198
1569,41033,-122
1570,41035,-166
1571,41039,-88
1572,41041,-171
1573,41043,-156
1574,41045,-166
1575,41047,-138
1576,41049,-156
1577,41051,-108
1578,41053,-96
1579,41057,-220
1580,41059,-189
1581,41065,-162
1582,41067,-102
1583,41071,-135
1584,42001,-123
1585,42003,-87
1586,42005,-91
1587,42007,-54
1588,42009,-79
1589,42011,-78
1590,42013,-71
1591,42015,-89
1592,42017,-108
1593,42019,-91
1594,42021,-89
1595,42025,-95
1596,42027,-86
1597,42029,-76
1598,42031,-92
1599,42033,-128
1600,42035,-96
1601,42037,-140
1602,42039,-131
1603,42041,-61
1604,42043,-63
1605,42045,-111
1606,42047,-102
1607,42049,-56
1608,42051,-55
1609,42055,-89
1610,42057,-91
1611,42059,-77
1612,42061,-109
1613,42063,-96
1614,42065,-111
1615,42069,-79
1616,42071,-86
1617,42073,-67
1618,42075,-78
1619,42077,-88
1620,42079,-95
1621,42081,-145
1622,42083,-103
1623,42085,-119
1624,42087,-97
1625,42089,-129
1626,42091,-95
1627,42093,-225
1628,42095,-95
1629,42097,-206
1630,42101,-133
1631,42105,-136
1632,42107,-93
1633,42111,-94
1634,42115,-138
1635,42117,-146
1636,42119,-201
1637,42121,-70
1638,42123,-66
1639,42125,-85
1640,42127,-109
1641,42129,-84
1642,42131,-108
1643,42133,-77
1644,44003,-83
1645,44005,-91
1646,44007,-90
1647,44009,-107
1648,45001,-67
1649,45003,-113
1650,45005,-106
1651,45007,-114
1652,45009,-122
1653,45011,-132
1654,45013,-145
1655,45019,-87
1656,45021,-196
1657,45023,-80
1658,45025,-228
1659,45027,-172
1660,45029,-127
1661,45031,-218
1662,45033,-250
1663,45037,-90
1664,45039,-60
1665,45041,-223
1666,45043,-156
1667,45045,-125
1668,45047,-78
1669,45049,-173
1670,45051,-117
1671,45053,-135
1672,45055,-110
1673,45057,-105
1674,45059,-131
1675,45063,-57
1676,45067,-213
1677,45069,-232
1678,45071,-111
1679,45073,-124
1680,45075,-88
1681,45077,-143
1682,45079,-61
1683,45083,-170
1684,45085,-211
1685,45087,-194
1686,45089,-181
1687,45091,-72
1688,46011,-214
1689,46013,-122
1690,46027,-270
1691,46029,-161
1692,46033,-123
1693,46037,-167
1694,46051,-157
1695,46065,-148
1696,46079,-153
1697,46081,-195
1698,46083,-199
1699,46093,-154
1700,46099,-210
1701,46103,-154
1702,46125,-211
1703,46127,-163
1704,46135,-164
1705,47001,-67
1706,47003,-100
1707,47005,-120
1708,47007,-129
1709,47009,-71
1710,47011,-139
1711,47013,-68
1712,47015,-147
1713,47017,-149
1714,47019,-87
1715,47021,-86
1716,47025,-109
1717,47027,-103
1718,47029,-93
1719,47031,-99
1720,47035,-100
1721,47037,-96
1722,47039,-95
1723,47041,-87
1724,47043,-87
1725,47045,-115
1726,47047,-58
1727,47049,-120
1728,47051,-104
1729,47053,-145
1730,47055,-128
1731,47059,-88
1732,47063,-87
1733,47065,-115
1734,47067,-78
1735,47069,-101
1736,47071,-82
1737,47073,-74
1738,47075,-107
1739,47077,-139
1740,47079,-115
1741,47081,-97
1742,47083,-71
1743,47085,-99
1744,47089,-78
1745,47091,-99
1746,47093,-76
1747,47097,-82
1748,47099,-135
1749,47103,-83
1750,47105,-80
1751,47107,-105
1752,47109,-110
1753,47111,-90
1754,47113,-135
1755,47115,-124
1756,47117,-115
1757,47119,-103
1758,47123,-65
1759,47125,-73
1760,47131,-123
1761,47133,-111
1762,47135,-121
1763,47139,-144
1764,47141,-114
1765,47143,-138
1766,47145,-79
1767,47147,-120
1768,47149,-105
1769,47151,-73
1770,47155,-85
1771,47157,-57
1772,47159,-85
1773,47163,-60
1774,47165,-115
1775,47167,-57
1776,47169,-80
1777,47171,-83
1778,47177,-106
1779,47179,-57
1780,47181,-120
1781,47183,-147
1782,47185,-102
1783,47187,-90
1784,47189,-78
1785,48001,-171
1786,48003,-128
1787,48005,-94
1788,48013,-71
1789,48015,-111
1790,48017,-118
1791,48021,-111
1792,48025,-112
1793,48027,-105
1794,48029,-57
1795,48035,-84
1796,48037,-131
1797,48039,-77
1798,48041,-96
1799,48043,-175
1800,48049,-212
1801,48051,-77
1802,48053,-113
1803,48055,-92
1804,48057,-183
1805,48061,-149
1806,48067,-141
1807,48069,-129
1808,48071,-120
1809,48073,-147
1810,48075,-111
1811,48077,-154
1812,48083,-169
1813,48085,-101
1814,48089,-112
1815,48091,-66
1816,48093,-129
1817,48097,-163
1818,48099,-111
1819,48103,-137
1820,48107,-135
1821,48111,-146
1822,48113,-107
1823,48115,-120
1824,48117,-83
1825,48121,-118
1826,48123,-177
1827,48127,-75
1828,48133,-137
1829,48135,-180
1830,48139,-113
1831,48141,-79
1832,48143,-127
1833,48145,-73
1834,48147,-122
1835,48149,-106
1836,48151,-131
1837,48157,-107
1838,48159,-129
1839,48161,-158
1840,48163,-68
1841,48165,-107
1842,48167,-77
1843,48171,-159
1844,48177,-136
1845,48179,-147
1846,48181,-132
1847,48183,-159
1848,48185,-94
1849,48187,-110
1850,48189,-161
1851,48193,-121
1852,48195,-96
1853,48197,-147
1854,48201,-99
1855,48203,-165
1856,48207,-73
1857,48209,-94
1858,48211,-171
1859,48213,-127
1860,48215,-187
1861,48217,-125
1862,48219,-161
1863,48221,-96
1864,48223,-112
1865,48225,-134
1866,48231,-113
1867,48233,-142
1868,48237,-135
1869,48239,-174
1870,48241,-81
1871,48245,-127
1872,48249,-75
1873,48251,-101
1874,48253,-146
1875,48255,-111
1876,48257,-112
1877,48265,-155
1878,48267,-130
1879,48273,-66
1880,48275,-69
1881,48277,-221
1882,48279,-162
1883,48281,-146
1884,48285,-142
1885,48291,-123
1886,48293,-127
1887,48299,-136
1888,48303,-150
1889,48305,-130
1890,48307,-180
1891,48309,-84
1892,48313,-86
1893,48317,-227
1894,48321,-87
1895,48323,-103
1896,48325,-68
1897,48329,-204
1898,48331,-130
1899,48335,-140
1900,48337,-147
1901,48339,-91
1902,48341,-156
1903,48347,-164
1904,48349,-153
1905,48353,-136
1906,48355,-64
1907,48357,-121
1908,48361,-124
1909,48363,-103
1910,48365,-142
1911,48367,-109
1912,48369,-121
1913,48371,-124
1914,48373,-112
1915,48375,-116
1916,48381,-112
1917,48387,-159
1918,48389,-105
1919,48391,-126
1920,48397,-124
1921,48399,-156
1922,48401,-153
1923,48403,-141
1924,48405,-145
1925,48409,-78
1926,48413,-157
1927,48419,-142
1928,48423,-127
1929,48425,-146
1930,48427,-156
1931,48429,-112
1932,48435,-200
1933,48437,-105
1934,48439,-90
1935,48441,-131
1936,48445,-131
1937,48447,-154
1938,48449,-123
1939,48451,-179
1940,48453,-99
1941,48457,-82
1942,48459,-150
1943,48461,-138
1944,48463,-85
1945,48465,-146
1946,48467,-126
1947,48469,-166
1948,48471,-113
1949,48475,-139
1950,48477,-136
1951,48479,-79
1952,48481,-143
1953,48483,-124
1954,48485,-99
1955,48487,-117
1956,48491,-102
1957,48493,-57
1958,48495,-98
1959,48497,-130
1960,48499,-128
1961,48501,-154
1962,48503,-105
1963,49003,-107
1964,49005,-80
1965,49007,-160
1966,49011,-96
1967,49013,-171
1968,49019,-125
1969,49021,-84
1970,49023,-96
1971,49025,-106
1972,49027,-113
1973,49035,-73
1974,49037,-167
1975,49039,-106
1976,49041,-108
1977,49043,-81
1978,49045,-93
1979,49047,-125
1980,49049,-74
1981,49051,-90
1982,49053,-61
1983,49057,-99
1984,50001,-195
1985,50003,-168
1986,50005,-211
1987,50007,-198
1988,50011,-139
1989,50015,-180
1990,50017,-237
1991,50019,-188
1992,50021,-214
1993,50023,-202
1994,50025,-156
1995,50027,-161
1996,51005,-146
1997,51009,-81
1998,51013,-94
1999,51015,-99
2000,51027,-124
2001,51041,-154
2002,51047,-146
2003,51051,-127
2004,51057,-173
2005,51059,-81
2006,51061,-116
2007,51067,-140
2008,51071,-249
2009,51073,-136
2010,51083,-170
2011,51085,-152
2012,51087,-160
2013,51095,-109
2014,51103,-159
2015,51105,-105
2016,51107,-89
2017,51117,-158
2018,51121,-237
2019,51127,-158
2020,51135,-219
2021,51139,-119
2022,51141,-130
2023,51153,-83
2024,51155,-247
2025,51161,-127
2026,51167,-124
2027,51171,-131
2028,51173,-125
2029,51177,-131
2030,51179,-133
2031,51185,-207
2032,51187,-116
2033,51191,-89
2034,51195,-107
2035,51197,-189
2036,51199,-122
2037,51510,-86
2038,51540,-103
2039,51550,-95
2040,51595,-176
2041,51630,-135
2042,51650,-141
2043,51660,-122
2044,51670,-183
2045,51680,-144
2046,51700,-129
2047,51710,-105
2048,51720,-123
2049,51740,-114
2050,51760,-160
2051,51770,-118
2052,51775,-128
2053,51800,-85
2054,51810,-97
2055,51840,-119
2056,53005,-106
2057,53007,-88
2058,53009,-112
2059,53011,-106
2060,53015,-140
2061,53019,-192
2062,53021,-121
2063,53025,-110
2064,53027,-122
2065,53029,-139
2066,53031,-93
2067,53033,-95
2068,53035,-85
2069,53037,-142
2070,53039,-172
2071,53041,-104
2072,53043,-89
2073,53045,-69
2074,53047,-107
2075,53049,-178
2076,53051,-111
2077,53053,-80
2078,53057,-125
2079,53061,-80
2080,53063,-71
2081,53065,-163
2082,53067,-63
2083,53071,-156
2084,53073,-65
2085,53075,-107
2086,53077,-67
2087,54001,-209
2088,54003,-128
2089,54005,-108
2090,54007,-145
2091,54009,-118
2092,54011,-140
2093,54019,-223
2094,54023,-87
2095,54025,-207
2096,54027,-114
2097,54033,-152
2098,54035,-156
2099,54037,-130
2100,54039,-101
2101,54041,-205
2102,54045,-139
2103,54047,-152
2104,54049,-148
2105,54051,-170
2106,54053,-219
2107,54055,-141
2108,54057,-75
2109,54059,-219
2110,54061,-148
2111,54065,-123
2112,54067,-127
2113,54077,-116
2114,54079,-124
2115,54081,-221
2116,54087,-154
2117,54091,-153
2118,54095,-185
2119,54097,-204
2120,54099,-213
2121,54101,-115
2122,54103,-165
2123,54107,-176
2124,55001,-190
2125,55003,-215
2126,55005,-261
2127,55009,-184
2128,55013,-190
2129,55015,-123
2130,55017,-215
2131,55019,-174
2132,55021,-206
2133,55023,-235
2134,55025,-210
2135,55027,-165
2136,55029,-209
2137,55031,-181
2138,55033,-174
2139,55035,-193
2140,55039,-143
2141,55043,-122
2142,55045,-186
2143,55047,-166
2144,55049,-156
2145,55053,-194
2146,55055,-185
2147,55057,-176
2148,55059,-217
2149,55063,-199
2150,55065,-175
2151,55067,-168
2152,55069,-156
2153,55071,-213
2154,55073,-150
2155,55075,-175
2156,55079,-166
2157,55081,-200
2158,55083,-179
2159,55085,-181
2160,55087,-147
2161,55089,-166
2162,55093,-161
2163,55095,-165
2164,55097,-170
2165,55099,-151
2166,55101,-211
2167,55103,-208
2168,55105,-187
2169,55107,-206
2170,55109,-146
2171,55111,-156
2172,55113,-211
2173,55115,-156
2174,55117,-218
2175,55119,-182
2176,55121,-207
2177,55123,-201
2178,55125,-197
2179,55127,-235
2180,55129,-180
2181,55131,-150
2182,55133,-162
2183,55135,-148
2184,55137,-160
2185,55139,-132
2186,55141,-179
2187,56001,-143
2188,56003,-121
2189,56005,-186
2190,56007,-212
2191,56009,-213
2192,56013,-182
2193,56015,-172
2194,56017,-171
2195,56019,-145
2196,56021,-100
2197,56023,-195
2198,56025,-162
2199,56029,-125
2200,56033,-109
2201,56037,-154
2202,56039,-103
2203,56041,-179
2204,56045,-180