,county,mean_price,p7525_ratio
1,1001,"1,405",1.82
2,1003,"2,072",2.61
3,1005,"1,861",5.09
4,1007,"1,342",3.19
5,1009,"1,013",2.16
6,1011,"2,084",4.52
7,1013,"1,410",1.82
8,1015,"1,882",1.95
9,1017,"1,602",2.49
10,1019,"1,612",3.89
11,1021,"1,419",2.90
12,1023,"1,009",3.09
13,1025,"1,347",1.76
14,1029,"1,489",2.94
15,1031,"1,356",2.42
16,1033,"2,118",1.84
17,1035,"1,119",1.35
18,1037,"1,143",2.45
19,1039,"1,945",5.82
20,1041,"1,785",2.49
21,1043,"1,099",2.31
22,1045,"1,786",4.15
23,1047,"1,268",1.58
24,1049,"1,416",2.25
25,1051,"1,293",1.89
26,1053,"1,352",2.35
27,1055,"1,953",2.03
28,1057,"1,283",2.07
29,1059,"1,897",2.06
30,1061,"1,332",2.51
31,1063,861,3.28
32,1065,"1,067",4.22
33,1067,"1,348",2.72
34,1069,"1,251",2.52
35,1071,"1,587",2.90
36,1073,"1,100",2.93
37,1075,"2,358",2.97
38,1077,"1,639",2.52
39,1079,"2,036",3.25
40,1081,"1,430",1.56
41,1083,"1,518",2.62
42,1085,"1,405",2.11
43,1087,"1,349",1.53
44,1089,"1,263",2.17
45,1091,"1,089",3.32
46,1093,"1,371",2.22
47,1095,"1,364",2.65
48,1097,"1,245",1.44
49,1099,"1,476",1.60
50,1101,"1,352",1.82
51,1103,"1,742",3.01
52,1107,"1,450",3.99
53,1109,"1,868",3.19
54,1111,"1,698",3.15
55,1113,"1,456",2.86
56,1115,"1,177",2.11
57,1117,"1,104",2.94
58,1119,879,3.01
59,1121,"1,554",3.11
60,1123,"1,526",1.67
61,1125,935,3.26
62,1127,"1,341",2.96
63,1129,"1,304",1.96
64,1131,"1,005",1.63
65,1133,"1,448",3.16
66,2020,"2,215",1.30
67,2050,"1,339",4.13
68,2090,"2,296",1.80
69,2110,"2,895",2.07
70,2122,"2,311",1.50
71,2130,"1,946",1.79
72,2150,"3,314",1.69
73,2170,"3,147",1.87
74,2180,"1,979",2.63
75,2188,"2,799",2.85
76,2195,"2,423",1.38
77,2198,"2,047",1.92
78,2220,"2,583",1.28
79,2240,"2,666",1.77
80,2261,"2,902",2.10
81,4001,"2,155",2.18
82,4003,"1,765",2.99
83,4005,"1,311",1.75
84,4007,"2,804",4.79
85,4009,"1,817",1.52
86,4011,"1,820",1.67
87,4012,"2,665",3.35
88,4013,945,1.94
89,4015,"3,567",2.22
90,4017,"1,958",3.60
91,4019,932,2.57
92,4021,"1,079",2.72
93,4023,"1,793",3.67
94,4025,"2,094",4.10
95,4027,"1,128",1.98
96,5001,689,1.72
97,5003,"1,036",1.88
98,5005,"1,369",1.08
99,5007,"1,143",1.61
100,5009,"1,712",2.86
101,5013,"1,814",4.29
102,5015,"1,020",2.31
103,5017,"1,172",3.69
104,5019,907,2.03
105,5021,"1,196",1.93
106,5023,971,1.71
107,5025,"1,267",3.12
108,5027,"2,405",5.38
109,5029,976,1.69
110,5031,854,1.37
111,5033,"1,012",1.75
112,5035,818,1.64
113,5037,"1,160",1.98
114,5039,866,1.68
115,5041,"1,227",1.50
116,5043,"1,065",1.86
117,5045,726,1.60
118,5049,"1,298",1.83
119,5051,"1,151",2.11
120,5053,"1,197",3.43
121,5055,"1,146",2.04
122,5057,"1,111",2.87
123,5059,"1,029",2.07
124,5061,"1,484",3.38
125,5063,"1,136",1.83
126,5069,782,1.71
127,5071,"1,237",1.67
128,5073,"1,560",3.72
129,5075,849,1.54
130,5077,"2,002",4.62
131,5079,"1,125",1.87
132,5081,"1,660",5.65
133,5083,"1,043",2.13
134,5085,628,1.50
135,5087,"1,095",1.61
136,5089,"1,501",1.27
137,5091,"1,596",5.06
138,5093,997,1.58
139,5095,"1,104",1.81
140,5097,"1,224",3.11
141,5099,"1,129",3.72
142,5101,"1,426",3.20
143,5103,"1,400",2.79
144,5105,722,1.53
145,5107,"1,125",2.00
146,5109,"1,702",2.86
147,5111,835,1.65
148,5115,"1,219",1.89
149,5117,720,1.84
150,5119,590,1.40
151,5121,936,3.41
152,5123,"1,982",5.77
153,5125,788,1.75
154,5127,"1,378",2.52
155,5131,853,1.60
156,5133,"1,112",3.29
157,5135,967,1.81
158,5137,"1,100",2.34
159,5139,"1,795",4.50
160,5141,795,1.13
161,5143,"1,053",2.39
162,5145,"1,101",2.10
163,5149,"1,027",2.16
164,6001,"1,737",2.46
165,6005,"2,713",1.65
166,6007,"4,211",1.64
167,6009,"2,331",2.09
168,6011,"3,661",1.68
169,6013,"1,429",2.40
170,6015,"3,310",4.52
171,6017,"3,246",1.88
172,6019,"1,375",2.65
173,6023,"4,292",1.66
174,6025,"1,068",1.32
175,6027,"2,469",5.19
176,6029,900,1.57
177,6031,"1,582",2.78
178,6033,"3,027",5.98
179,6035,"1,870",4.07
180,6037,"2,244",5.15
181,6039,"1,207",2.00
182,6041,"1,501",2.39
183,6043,972,1.62
184,6045,"1,656",3.56
185,6047,"1,597",3.09
186,6049,"2,722",1.81
187,6053,"1,205",1.41
188,6055,"3,069",2.59
189,6057,960,1.73
190,6059,"1,808",3.19
191,6061,"2,137",1.36
192,6063,"1,809",3.79
193,6065,"1,806",3.52
194,6067,"2,340",3.06
195,6069,"2,194",2.88
196,6071,"1,910",3.58
197,6073,"1,309",1.95
198,6075,"2,300",2.04
199,6077,"2,050",2.57
200,6079,"1,037",1.38
201,6081,"1,989",2.94
202,6083,"1,080",1.54
203,6085,"2,096",2.44
204,6087,"2,264",3.58
205,6089,"1,533",4.13
206,6093,"2,528",4.20
207,6095,"2,640",1.73
208,6097,"1,810",2.79
209,6099,"2,632",3.13
210,6101,"2,166",1.99
211,6103,"3,063",4.63
212,6105,"1,890",3.95
213,6107,"1,755",2.51
214,6109,"3,046",1.84
215,6111,"2,327",3.85
216,6113,"2,649",1.56
217,6115,"2,285",2.85
218,8001,"1,389",2.69
219,8005,"1,223",2.42
220,8007,"1,029",1.82
221,8011,"2,233",1.79
222,8013,"1,124",1.67
223,8014,"1,168",2.13
224,8015,"2,104",1.42
225,8019,999,2.14
226,8021,"2,079",1.30
227,8025,"2,657",3.58
228,8027,"1,594",3.16
229,8029,"1,814",2.25
230,8031,"1,189",2.40
231,8035,"1,236",2.43
232,8037,"2,763",1.35
233,8039,"1,240",2.56
234,8041,784,1.29
235,8043,"1,828",3.38
236,8045,"2,397",1.61
237,8047,990,1.66
238,8049,"1,733",2.92
239,8051,"1,470",2.20
240,8053,"1,566",2.48
241,8055,"1,395",2.08
242,8059,972,1.53
243,8063,"2,000",1.68
244,8065,"2,478",1.90
245,8067,"1,120",1.80
246,8069,"1,115",1.50
247,8071,"2,500",4.83
248,8073,"1,883",1.74
249,8075,"3,042",2.56
250,8077,"1,079",1.50
251,8081,"3,047",1.89
252,8083,"1,353",1.51
253,8085,"1,668",2.45
254,8087,"3,543",2.33
255,8089,"2,123",3.59
256,8093,947,2.20
257,8097,"2,366",1.48
258,8099,"2,724",1.80
259,8101,"1,627",3.00
260,8103,"2,086",3.48
261,8105,"1,916",2.98
262,8107,"2,218",1.71
263,8113,"1,220",2.48
264,8117,"1,680",1.49
265,8119,850,1.57
266,8121,"3,438",1.71
267,8123,"1,885",3.74
268,8125,"2,717",1.87
269,9001,"1,836",3.16
270,9003,"1,561",2.92
271,9005,"1,521",3.05
272,9007,"1,249",2.02
273,9009,"1,588",2.48
274,9011,"1,330",3.22
275,9013,"1,870",3.65
276,9015,"1,754",2.75
277,10001,"1,003",1.73
278,10003,"1,065",1.98
279,10005,"1,404",3.17
280,11001,"1,325",2.99
281,12001,"1,253",2.11
282,12003,938,1.50
283,12005,"1,977",3.18
284,12007,"1,160",2.27
285,12009,989,1.75
286,12011,"1,149",2.34
287,12013,"1,700",2.48
288,12015,"1,138",1.96
289,12017,831,1.62
290,12019,"1,217",1.96
291,12021,945,3.03
292,12023,908,2.16
293,12027,975,1.77
294,12029,"1,180",1.61
295,12031,971,1.55
296,12033,903,1.50
297,12035,"1,676",4.58
298,12037,"1,270",3.11
299,12039,"1,515",1.77
300,12041,"1,070",1.59
301,12043,"3,224",8.41
302,12045,"1,931",4.78
303,12047,"1,257",4.89
304,12049,"1,266",2.58
305,12051,"1,208",1.78
306,12053,"1,130",1.68
307,12055,"2,011",7.62
308,12057,"1,033",2.00
309,12059,"1,077",2.42
310,12061,"1,201",3.20
311,12063,"1,499",3.21
312,12065,"1,639",2.61
313,12067,"1,348",3.85
314,12069,"1,401",4.89
315,12071,854,1.64
316,12073,"1,387",2.35
317,12075,"1,115",1.81
318,12077,"1,245",1.69
319,12079,"1,605",4.39
320,12081,888,1.75
321,12083,956,1.66
322,12085,"1,021",2.64
323,12086,"1,368",2.40
324,12087,"3,187",4.62
325,12089,"1,319",2.78
326,12091,"3,020",6.51
327,12095,911,1.90
328,12097,"1,210",4.27
329,12099,848,1.95
330,12101,"1,005",1.83
331,12103,835,1.65
332,12105,"1,507",2.20
333,12107,"1,099",2.00
334,12109,932,1.65
335,12111,"1,580",3.48
336,12113,"1,182",1.88
337,12115,883,1.62
338,12117,959,1.85
339,12119,902,2.16
340,12121,"1,057",2.98
341,12123,"1,940",2.67
342,12127,"1,302",4.25
343,12131,"2,782",5.53
344,12133,"1,214",2.62
345,13001,"1,474",3.50
346,13003,"1,216",3.05
347,13007,"2,564",1.59
348,13009,"1,762",1.84
349,13011,"1,444",2.95
350,13013,"1,755",4.86
351,13015,"1,251",3.43
352,13017,"1,944",6.01
353,13019,"1,074",1.73
354,13021,"1,276",3.90
355,13025,"1,305",2.01
356,13027,"1,416",3.41
357,13029,934,1.56
358,13031,"3,641",2.69
359,13033,"1,416",2.74
360,13035,"1,455",5.54
361,13037,"2,573",1.64
362,13039,"1,305",2.17
363,13043,"2,767",5.64
364,13045,"1,224",2.52
365,13047,"1,511",3.65
366,13049,"1,105",1.89
367,13051,678,1.06
368,13053,"1,394",3.53
369,13055,919,1.50
370,13057,"1,127",2.92
371,13059,"2,329",3.30
372,13061,"1,185",3.42
373,13063,798,1.70
374,13065,"1,338",3.65
375,13067,962,2.09
376,13069,"1,163",2.42
377,13071,"2,108",3.37
378,13073,"1,150",2.67
379,13075,"1,691",3.97
380,13077,"1,218",3.71
381,13079,"1,729",6.01
382,13081,"1,798",2.45
383,13083,"1,369",3.35
384,13085,"1,585",4.17
385,13087,"2,375",1.98
386,13089,"1,093",3.33
387,13091,"1,272",4.43
388,13095,"2,600",1.62
389,13097,852,1.75
390,13099,"1,707",3.99
391,13101,"1,235",2.97
392,13103,"1,092",2.65
393,13105,"2,117",2.79
394,13107,"2,273",6.86
395,13109,"2,457",6.59
396,13111,"2,077",7.20
397,13113,771,1.10
398,13115,"1,264",3.23
399,13117,"1,813",4.78
400,13119,"1,854",2.64
401,13121,"1,096",2.91
402,13123,"1,797",5.65
403,13125,"1,045",2.35
404,13127,"1,018",1.50
405,13129,"1,594",4.62
406,13131,"1,920",1.84
407,13133,"2,048",3.46
408,13135,948,2.02
409,13137,"1,312",2.37
410,13139,"1,112",2.35
411,13143,"1,392",2.86
412,13145,"1,663",2.33
413,13147,"2,044",2.20
414,13149,"1,438",3.66
415,13151,805,1.79
416,13153,"2,559",2.28
417,13155,"2,045",6.56
418,13157,"1,655",3.69
419,13159,778,1.50
420,13161,"1,846",2.95
421,13163,"1,331",2.40
422,13165,"2,070",4.66
423,13167,"1,546",1.61
424,13169,"1,812",3.41
425,13171,"1,585",5.25
426,13173,"1,070",3.17
427,13175,"1,551",5.42
428,13177,"2,663",1.64
429,13179,868,1.88
430,13181,"1,337",3.00
431,13183,"1,669",4.05
432,13185,"1,231",3.96
433,13187,"1,165",3.90
434,13189,"1,269",2.81
435,13191,992,1.50
436,13193,"2,307",4.51
437,13195,"2,181",3.26
438,13197,"1,840",3.82
439,13199,"1,888",5.70
440,13205,"2,526",1.60
441,13207,"1,273",3.90
442,13209,"1,907",6.66
443,13211,"1,243",4.64
444,13213,"1,401",4.68
445,13215,"1,592",3.02
446,13217,869,2.44
447,13219,"2,266",4.61
448,13221,"2,335",3.36
449,13223,"1,003",2.29
450,13227,933,1.75
451,13229,"1,465",1.75
452,13231,"1,578",4.78
453,13233,960,1.50
454,13235,"1,641",3.35
455,13237,"2,171",3.68
456,13239,"1,565",4.46
457,13241,"2,089",2.92
458,13243,"2,489",1.61
459,13245,"1,305",2.99
460,13247,905,2.26
461,13249,"3,142",2.11
462,13251,"3,316",6.48
463,13253,"2,590",7.47
464,13255,"1,089",3.15
465,13259,"1,888",4.35
466,13261,"3,129",2.15
467,13263,"1,514",3.74
468,13267,"2,255",7.10
469,13269,"1,747",4.95
470,13271,"1,524",4.87
471,13275,"2,006",1.69
472,13277,"1,267",3.34
473,13281,"1,034",1.61
474,13283,"1,793",4.87
475,13285,"2,403",1.79
476,13287,"1,077",1.30
477,13289,"1,208",3.38
478,13291,"1,920",5.11
479,13293,"1,761",6.03
480,13295,"1,327",3.17
481,13297,"1,162",2.39
482,13299,"1,586",2.25
483,13301,"1,257",2.90
484,13303,"1,371",3.24
485,13305,"1,596",3.21
486,13307,"2,570",2.20
487,13309,"2,167",4.69
488,13311,"1,111",2.06
489,13313,"1,606",3.58
490,13315,"1,930",2.51
491,13317,"1,431",2.67
492,13319,"1,574",5.42
493,13321,"2,510",1.53
494,15001,"1,207",2.34
495,15003,"1,648",2.42
496,15007,"2,105",1.43
497,15009,"1,946",2.46
498,16001,"1,402",1.50
499,16003,"1,268",1.28
500,16005,"1,160",1.47
501,16007,"1,968",3.64
502,16011,"1,599",1.58
503,16013,"2,045",1.47
504,16015,"1,254",1.23
505,16017,"1,255",2.26
506,16019,"1,305",1.67
507,16021,"1,560",3.19
508,16027,"1,782",2.07
509,16035,"1,633",2.27
510,16039,"1,490",1.65
511,16041,"1,385",2.35
512,16043,"1,519",2.05
513,16047,"2,139",1.92
514,16049,"1,656",1.63
515,16051,"1,292",1.72
516,16053,"2,031",1.54
517,16055,"1,042",2.05
518,16057,"1,550",2.22
519,16065,"1,331",1.93
520,16067,"1,512",1.60
521,16069,"1,298",1.88
522,16071,"1,878",3.77
523,16073,"1,917",2.20
524,16075,"1,836",2.17
525,16077,"1,287",1.47
526,16079,"1,314",3.06
527,16081,"2,115",1.96
528,16083,"1,853",1.36
529,16085,"1,563",1.53
530,16087,"2,076",1.64
531,17001,"2,241",1.44
532,17003,"2,052",5.62
533,17005,"1,544",1.68
534,17007,"1,516",2.26
535,17011,"2,827",1.52
536,17013,"1,501",1.33
537,17015,"3,579",2.24
538,17017,"2,603",2.00
539,17019,"3,337",1.75
540,17021,"2,124",2.67
541,17025,"2,245",1.37
542,17027,"1,997",2.90
543,17029,"2,069",2.10
544,17031,"2,168",2.33
545,17033,"3,013",1.54
546,17035,"2,137",1.93
547,17037,"2,167",3.49
548,17039,"1,905",2.55
549,17041,"2,673",2.31
550,17043,"1,912",2.54
551,17045,"3,775",1.43
552,17047,"2,365",1.96
553,17049,"2,310",1.74
554,17051,"2,002",1.93
555,17053,"4,301",1.85
556,17055,"3,387",2.41
557,17057,"2,591",2.25
558,17059,"2,522",1.60
559,17061,"1,426",1.19
560,17063,"2,627",2.21
561,17065,"3,465",2.12
562,17067,"2,557",1.83
563,17073,"1,161",2.61
564,17075,"1,382",3.83
565,17077,"3,265",3.11
566,17081,"3,337",1.80
567,17083,"1,245",1.29
568,17085,"1,872",3.00
569,17087,"2,654",3.36
570,17089,"1,597",2.77
571,17091,"1,212",2.64
572,17093,"2,102",2.99
573,17095,"2,244",2.13
574,17097,"2,167",3.19
575,17099,"2,897",1.63
576,17101,"2,531",1.54
577,17103,"3,043",1.87
578,17105,"2,720",1.93
579,17107,"2,027",2.35
580,17109,"3,090",1.48
581,17111,"2,737",1.85
582,17113,"2,186",1.63
583,17115,"1,578",2.04
584,17117,"1,512",1.29
585,17119,"1,231",1.29
586,17121,"2,276",2.11
587,17123,"1,857",2.21
588,17125,"1,884",2.31
589,17127,"1,738",2.23
590,17129,"2,109",2.86
591,17131,978,2.14
592,17133,"1,231",1.63
593,17135,"2,660",3.14
594,17137,"2,425",2.39
595,17139,"1,644",2.24
596,17141,"1,796",2.74
597,17143,"1,866",2.20
598,17145,"2,697",2.37
599,17147,"2,667",2.18
600,17151,"1,314",3.85
601,17155,"2,501",1.34
602,17157,"1,644",2.10
603,17159,"2,875",2.25
604,17161,749,1.66
605,17163,"1,078",1.91
606,17165,"2,292",1.54
607,17167,"2,414",3.31
608,17169,"4,157",2.23
609,17171,"2,217",1.67
610,17173,"2,037",2.76
611,17175,"1,959",2.08
612,17177,"2,753",1.84
613,17179,"1,830",2.13
614,17181,"2,892",7.15
615,17183,"2,303",5.82
616,17185,"2,437",1.46
617,17187,"2,549",2.14
618,17189,"1,484",1.64
619,17191,"2,447",2.94
620,17193,"2,507",1.23
621,17195,"2,656",6.56
622,17197,"2,364",3.20
623,17199,"3,544",2.30
624,17201,"1,408",2.06
625,17203,"1,830",2.16
626,18001,"2,414",2.00
627,18003,"2,374",1.76
628,18005,"2,638",1.73
629,18007,"2,600",1.69
630,18009,"2,193",5.56
631,18011,"2,701",4.65
632,18013,"2,573",2.35
633,18015,"2,825",1.39
634,18017,"2,487",1.65
635,18019,"1,036",2.45
636,18021,"3,452",1.28
637,18023,"2,976",3.08
638,18025,"1,878",3.79
639,18027,"2,470",1.61
640,18029,"1,480",4.80
641,18031,"2,692",1.85
642,18033,"2,578",1.76
643,18035,"2,098",4.78
644,18037,"2,289",1.43
645,18039,"1,760",2.50
646,18041,"2,505",4.03
647,18043,"1,016",2.44
648,18045,"2,035",2.82
649,18047,"2,080",2.64
650,18049,"2,623",1.72
651,18051,"2,462",1.34
652,18053,"2,239",2.68
653,18055,"2,161",3.81
654,18057,"2,083",4.70
655,18059,"2,657",1.59
656,18061,"1,249",2.75
657,18063,"2,807",1.98
658,18065,"2,279",3.65
659,18069,"2,001",2.44
660,18071,"2,882",2.18
661,18073,"1,791",4.28
662,18077,"2,364",1.60
663,18079,"3,150",1.75
664,18081,"2,646",1.33
665,18083,"2,245",1.28
666,18085,"2,359",1.48
667,18087,"2,466",1.65
668,18089,"2,175",1.76
669,18091,"2,904",2.14
670,18093,"3,262",2.70
671,18095,"2,973",2.08
672,18097,"2,681",2.39
673,18099,"1,856",2.23
674,18101,"2,329",1.64
675,18103,"3,078",1.95
676,18105,"1,606",3.33
677,18107,"2,068",2.02
678,18109,"2,907",1.50
679,18111,"1,855",2.17
680,18113,"2,846",1.58
681,18115,"1,926",6.12
682,18117,"2,632",2.40
683,18119,"2,302",2.24
684,18121,"2,931",1.56
685,18123,"1,958",2.99
686,18125,"2,586",1.53
687,18127,"1,884",3.46
688,18129,"2,457",1.32
689,18131,"2,602",1.61
690,18133,"2,781",1.61
691,18135,"2,701",4.36
692,18137,"2,292",1.78
693,18139,"2,710",1.37
694,18141,"1,215",2.15
695,18145,"2,976",1.47
696,18147,"2,285",1.52
697,18149,"2,943",2.25
698,18151,"2,756",1.48
699,18153,"3,306",1.30
700,18155,"2,424",1.91
701,18157,"2,796",1.32
702,18159,"2,849",2.44
703,18163,"2,428",1.37
704,18165,"3,097",1.28
705,18167,"3,385",1.29
706,18169,"2,573",1.93
707,18171,"2,613",1.63
708,18173,"2,414",1.33
709,18175,"1,277",2.98
710,18177,"2,823",1.49
711,18179,"2,467",1.90
712,18181,"2,165",1.82
713,18183,"2,385",1.68
714,19001,"1,871",2.53
715,19003,"2,799",2.34
716,19005,"2,525",1.72
717,19007,"3,439",2.29
718,19009,"3,043",2.70
719,19011,"2,366",1.88
720,19013,"1,566",1.88
721,19015,"2,435",2.27
722,19017,"1,957",2.81
723,19019,"1,964",1.70
724,19023,"1,882",2.34
725,19027,"2,928",1.35
726,19029,"3,142",3.28
727,19031,"1,802",3.95
728,19033,"1,935",2.41
729,19035,"2,367",1.50
730,19037,"2,974",2.71
731,19039,"1,814",1.84
732,19041,"2,863",1.48
733,19043,"2,442",3.22
734,19045,"2,952",3.67
735,19047,"2,592",2.53
736,19049,"1,673",3.98
737,19055,"2,217",1.98
738,19057,"3,310",1.80
739,19059,"3,005",1.54
740,19061,"1,094",1.12
741,19063,"3,005",1.53
742,19065,"1,936",2.20
743,19069,"2,162",1.35
744,19071,"2,012",2.11
745,19073,"2,766",1.28
746,19075,"1,703",1.84
747,19077,"2,041",2.12
748,19079,"2,434",1.14
749,19081,"2,473",2.23
750,19083,"2,175",1.39
751,19085,"2,474",2.33
752,19089,"3,110",2.46
753,19095,"2,994",1.53
754,19097,"1,543",2.26
755,19099,"2,351",1.97
756,19101,"2,459",1.48
757,19103,"2,693",1.56
758,19105,"2,312",2.12
759,19107,"2,783",1.61
760,19109,"2,137",1.32
761,19111,"2,461",2.50
762,19113,"2,399",1.57
763,19115,"2,586",1.57
764,19117,"1,617",3.53
765,19119,"3,116",1.60
766,19121,"1,643",2.57
767,19123,"2,787",2.11
768,19125,"2,110",2.20
769,19127,"2,112",1.47
770,19129,"2,044",1.69
771,19131,"2,056",1.93
772,19133,"2,444",2.02
773,19137,"2,142",2.31
774,19139,"2,030",3.26
775,19141,"2,747",1.40
776,19145,"2,515",1.52
777,19149,"2,393",1.93
778,19153,"1,687",5.89
779,19155,"2,101",1.87
780,19157,"3,717",2.49
781,19161,"2,278",1.92
782,19163,888,1.50
783,19165,"2,198",2.17
784,19167,"2,709",1.63
785,19169,"2,415",1.13
786,19171,"1,659",2.10
787,19175,"2,558",1.40
788,19179,"2,043",1.75
789,19181,"1,628",4.67
790,19183,"2,699",1.40
791,19187,"1,941",1.88
792,19189,"1,859",1.74
793,19191,"2,479",1.72
794,19193,"2,182",2.03
795,19195,"2,187",1.86
796,19197,"2,854",1.43
797,20001,"2,151",1.61
798,20003,"1,933",1.38
799,20005,"1,583",2.63
800,20009,"2,164",1.57
801,20011,"2,106",1.41
802,20013,"1,914",1.57
803,20015,"1,561",3.51
804,20021,"2,100",1.84
805,20027,"1,833",1.37
806,20029,"1,416",1.42
807,20031,"1,533",1.59
808,20035,"1,539",1.61
809,20037,"2,391",1.62
810,20039,"1,542",2.21
811,20041,"2,657",2.69
812,20043,"1,967",1.76
813,20045,"1,934",1.25
814,20051,"1,570",2.53
815,20055,"2,143",2.09
816,20059,"1,675",1.45
817,20067,"3,882",2.12
818,20073,"2,384",3.42
819,20079,"1,165",2.45
820,20083,"2,393",1.50
821,20085,788,1.50
822,20087,"1,481",3.82
823,20091,"1,295",3.51
824,20095,960,2.13
825,20099,"1,684",1.59
826,20103,"1,441",2.45
827,20107,"1,948",2.50
828,20109,"2,353",1.74
829,20111,"1,965",1.72
830,20113,"1,318",1.40
831,20115,"1,616",1.80
832,20117,"1,478",1.20
833,20119,"2,746",2.26
834,20121,"1,455",2.24
835,20125,"1,710",1.85
836,20127,"1,380",1.31
837,20133,"2,802",1.81
838,20139,705,1.50
839,20143,"1,702",1.50
840,20149,"2,077",1.77
841,20151,"2,826",1.74
842,20155,"1,091",2.43
843,20159,924,1.29
844,20161,"1,783",1.61
845,20167,"1,502",2.32
846,20169,"1,855",1.91
847,20173,943,1.73
848,20175,"3,785",2.23
849,20177,697,1.45
850,20189,"2,710",2.95
851,20191,"1,164",2.56
852,20193,"2,020",1.30
853,20197,926,2.25
854,20205,"1,853",1.99
855,20209,"1,228",3.35
856,21001,"1,826",2.42
857,21003,"2,525",2.53
858,21005,"1,929",3.33
859,21007,"1,192",1.80
860,21009,"2,552",2.59
861,21011,"1,419",2.49
862,21013,"1,500",4.28
863,21015,860,1.59
864,21017,"1,266",2.40
865,21019,"3,550",1.90
866,21021,"1,111",1.96
867,21023,"1,208",4.05
868,21027,"1,451",2.04
869,21029,"1,132",1.61
870,21031,"2,356",2.86
871,21033,"1,836",2.09
872,21035,"2,234",2.02
873,21037,891,1.78
874,21039,"1,381",1.89
875,21041,"1,906",2.75
876,21043,"3,532",1.97
877,21045,"1,776",2.22
878,21047,"1,756",1.40
879,21049,"1,048",2.10
880,21051,"1,461",3.84
881,21053,"1,533",2.53
882,21055,"1,793",2.33
883,21059,"1,129",2.63
884,21061,"2,467",2.49
885,21063,"2,541",2.48
886,21065,"1,291",2.38
887,21067,"1,052",2.13
888,21069,"1,554",2.07
889,21071,"1,583",3.25
890,21075,"1,322",3.25
891,21077,967,1.69
892,21079,"1,274",2.38
893,21081,999,1.75
894,21083,"1,525",2.54
895,21085,"1,491",2.12
896,21087,"1,642",1.44
897,21089,"3,593",1.90
898,21091,"1,396",3.45
899,21093,"1,355",1.71
900,21095,"2,312",3.01
901,21097,"1,684",3.99
902,21099,"1,657",2.09
903,21101,"1,475",3.66
904,21103,"1,663",2.80
905,21105,"1,983",2.71
906,21107,"1,528",1.93
907,21109,"1,088",2.06
908,21111,"1,141",1.58
909,21113,"1,088",2.13
910,21115,"2,222",6.68
911,21117,863,1.62
912,21119,"2,230",5.97
913,21121,"1,389",3.05
914,21123,"1,357",1.61
915,21125,"1,502",3.69
916,21127,"3,972",2.48
917,21129,"1,139",2.05
918,21131,"2,058",5.09
919,21133,"2,256",4.93
920,21135,"2,098",2.33
921,21137,"1,343",2.00
922,21139,"1,559",2.27
923,21141,"2,531",2.32
924,21143,"1,358",2.10
925,21145,"1,333",2.37
926,21147,"2,267",3.06
927,21149,"1,024",2.55
928,21151,"1,197",2.10
929,21153,"1,306",1.82
930,21155,"1,565",1.88
931,21157,"1,288",2.39
932,21159,"1,166",1.82
933,21161,"1,463",4.45
934,21163,"1,166",1.94
935,21165,"1,120",1.97
936,21167,"1,418",3.06
937,21169,"2,479",2.74
938,21171,"2,367",2.72
939,21173,"1,174",1.94
940,21175,"1,560",1.82
941,21177,"1,232",2.17
942,21179,"1,404",1.83
943,21181,"1,953",4.28
944,21183,"1,303",2.82
945,21185,"1,293",1.57
946,21187,"1,732",4.16
947,21191,953,1.86
948,21193,"2,479",5.70
949,21195,"1,975",4.80
950,21197,"1,310",2.53
951,21199,"2,309",3.06
952,21203,858,2.01
953,21205,"2,718",3.35
954,21207,"1,883",2.03
955,21211,"1,479",1.77
956,21213,"2,393",2.21
957,21215,"1,173",1.65
958,21219,"1,320",2.60
959,21221,"1,263",1.98
960,21223,"1,748",2.56
961,21225,"1,984",2.29
962,21227,"2,301",2.55
963,21229,"1,365",1.73
964,21231,"1,773",2.11
965,21233,"1,784",2.88
966,21235,"1,453",3.29
967,21237,"1,111",1.94
968,21239,"2,090",3.27
969,22001,"1,037",2.81
970,22003,"1,588",2.49
971,22005,"1,127",1.56
972,22007,773,2.06
973,22009,"2,330",3.23
974,22011,"1,696",4.06
975,22013,"1,096",1.77
976,22015,"1,021",2.17
977,22017,"1,038",2.20
978,22019,"1,349",2.64
979,22021,"1,087",1.45
980,22023,"1,040",1.74
981,22025,960,2.46
982,22027,948,1.96
983,22029,"1,094",2.95
984,22031,"1,312",3.36
985,22033,"1,094",1.60
986,22035,986,2.99
987,22037,"1,087",1.71
988,22039,"1,596",2.44
989,22041,964,1.50
990,22043,"2,167",3.65
991,22045,"1,034",1.89
992,22047,"1,041",1.63
993,22049,"1,059",1.94
994,22051,"1,076",3.10
995,22053,"1,513",3.45
996,22055,949,1.50
997,22057,992,3.18
998,22059,"1,812",3.55
999,22061,972,1.67
1000,22063,"1,319",1.94
1001,22065,"1,372",2.26
1002,22067,"1,169",1.89
1003,22069,"1,043",2.54
1004,22071,"1,185",3.50
1005,22073,961,1.35
1006,22075,"1,109",3.09
1007,22077,"1,014",1.57
1008,22079,"2,232",3.02
1009,22081,"1,149",1.58
1010,22083,989,1.85
1011,22085,"1,448",2.47
1012,22087,"1,275",3.27
1013,22089,"1,224",3.29
1014,22091,"1,345",2.23
1015,22093,"1,009",2.76
1016,22095,"1,263",3.21
1017,22097,"1,391",2.94
1018,22099,"1,026",2.06
1019,22101,"1,175",2.23
1020,22103,"1,368",2.91
1021,22105,"1,567",2.56
1022,22107,"1,415",3.33
1023,22109,"1,210",2.88
1024,22111,916,1.27
1025,22113,854,1.72
1026,22115,"2,084",3.99
1027,22117,"1,145",3.29
1028,22119,"1,116",2.39
1029,22121,"1,018",1.58
1030,22123,"1,222",2.87
1031,22125,"1,007",1.58
1032,22127,"1,399",2.27
1033,23001,"1,844",1.54
1034,23003,"2,153",3.71
1035,23005,"1,091",2.10
1036,23007,"1,852",1.56
1037,23009,"2,932",1.57
1038,23011,"1,938",1.42
1039,23013,"1,857",1.42
1040,23015,"2,193",1.77
1041,23017,"1,707",1.64
1042,23019,"2,804",1.27
1043,23021,"2,950",1.67
1044,23023,"1,817",1.60
1045,23025,"1,821",1.60
1046,23027,"2,001",1.80
1047,23029,"2,872",1.50
1048,23031,"2,242",2.14
1049,24001,"1,089",2.70
1050,24003,670,1.50
1051,24005,774,1.75
1052,24009,990,2.91
1053,24011,"1,295",2.13
1054,24013,809,1.57
1055,24015,"1,112",2.22
1056,24017,766,1.56
1057,24019,"1,558",2.14
1058,24021,869,1.50
1059,24023,"1,385",1.80
1060,24025,634,1.49
1061,24027,691,1.58
1062,24029,"1,207",2.38
1063,24031,995,1.70
1064,24033,"1,012",2.44
1065,24035,788,2.03
1066,24037,700,1.72
1067,24039,"1,063",3.43
1068,24041,"1,342",2.01
1069,24043,959,1.23
1070,24045,756,1.93
1071,24047,"1,179",2.49
1072,24510,957,3.02
1073,25001,"1,370",3.79
1074,25003,"2,163",2.54
1075,25005,"1,239",2.80
1076,25007,"3,678",2.97
1077,25009,"1,622",2.14
1078,25011,"1,604",3.94
1079,25013,"1,295",2.54
1080,25015,"1,411",2.31
1081,25017,"1,494",2.39
1082,25019,"1,726",1.23
1083,25021,"1,519",2.31
1084,25023,"1,146",3.26
1085,25025,"1,832",1.56
1086,25027,"1,486",2.88
1087,26003,"2,990",1.46
1088,26005,"1,918",1.47
1089,26009,"1,342",1.89
1090,26011,"1,319",2.57
1091,26015,"1,445",1.91
1092,26017,"1,698",3.35
1093,26019,"1,380",1.61
1094,26021,"1,329",2.79
1095,26023,"2,355",2.03
1096,26025,"1,828",5.04
1097,26027,"1,567",2.55
1098,26029,"1,909",1.67
1099,26031,"1,462",1.54
1100,26033,"2,194",1.88
1101,26037,"1,824",1.60
1102,26039,"1,298",2.18
1103,26041,"3,366",1.70
1104,26043,"2,313",1.43
1105,26045,"1,670",1.63
1106,26047,"1,533",1.39
1107,26049,"1,526",3.67
1108,26051,"1,016",1.60
1109,26053,"1,983",1.89
1110,26055,"1,136",1.59
1111,26057,"1,515",2.21
1112,26059,"2,169",2.36
1113,26061,"2,371",1.50
1114,26063,"2,430",1.80
1115,26065,"1,883",1.63
1116,26067,"1,542",2.00
1117,26069,"1,347",1.93
1118,26071,"3,044",2.10
1119,26073,"1,676",2.31
1120,26075,"2,114",4.10
1121,26077,"1,365",1.98
1122,26079,"1,206",1.50
1123,26081,"1,187",2.06
1124,26085,"1,867",1.45
1125,26087,"1,334",2.80
1126,26089,"1,106",1.48
1127,26091,"1,823",3.40
1128,26093,"1,908",3.75
1129,26099,"1,406",3.77
1130,26101,"1,802",2.43
1131,26103,"2,276",1.64
1132,26105,"2,327",1.24
1133,26107,"1,629",1.91
1134,26109,"2,424",1.40
1135,26111,945,1.54
1136,26113,"1,807",3.33
1137,26115,"1,577",3.63
1138,26117,"1,896",2.19
1139,26119,"1,476",1.58
1140,26121,"1,892",1.89
1141,26123,"1,974",2.13
1142,26125,"1,504",3.79
1143,26127,"1,872",1.68
1144,26129,"1,359",1.91
1145,26131,"2,471",1.98
1146,26133,"2,107",2.14
1147,26137,"1,428",1.75
1148,26139,"1,600",2.05
1149,26141,"2,177",1.77
1150,26143,"1,022",1.72
1151,26145,"1,317",2.67
1152,26147,"1,457",2.11
1153,26149,"1,644",2.15
1154,26151,"1,639",2.32
1155,26153,"2,522",2.12
1156,26155,"1,965",1.78
1157,26157,"1,408",2.60
1158,26159,"1,565",2.27
1159,26161,"1,805",2.61
1160,26163,"2,169",2.71
1161,26165,"1,471",2.18
1162,27001,"2,650",1.83
1163,27003,"1,328",2.46
1164,27005,"1,886",1.69
1165,27009,"1,733",1.64
1166,27013,"2,581",1.70
1167,27015,"2,837",1.81
1168,27017,"2,941",1.88
1169,27019,"1,487",1.73
1170,27021,"2,199",1.41
1171,27023,"2,395",3.04
1172,27025,"1,967",2.31
1173,27027,"1,553",1.24
1174,27033,"2,789",1.24
1175,27035,"2,321",1.51
1176,27037,"1,202",2.31
1177,27039,"2,411",1.43
1178,27041,"2,073",1.62
1179,27045,"2,943",1.97
1180,27047,"2,213",1.81
1181,27049,"2,229",1.85
1182,27053,"1,318",2.29
1183,27055,"2,668",1.60
1184,27057,"2,501",2.07
1185,27059,"1,732",2.18
1186,27061,"2,860",2.10
1187,27063,"3,091",1.53
1188,27065,"2,093",1.46
1189,27067,"1,741",3.18
1190,27071,"2,686",1.73
1191,27079,"1,958",2.37
1192,27083,"2,490",1.23
1193,27085,"2,081",1.45
1194,27089,"1,828",1.59
1195,27091,"1,477",1.44
1196,27093,"2,022",1.37
1197,27095,"1,895",1.27
1198,27097,"1,881",1.51
1199,27103,"2,781",1.66
1200,27107,"1,851",2.20
1201,27109,"2,472",1.66
1202,27111,"1,967",1.68
1203,27115,"2,140",1.47
1204,27119,"1,150",1.94
1205,27121,"1,943",1.43
1206,27123,"1,080",1.77
1207,27129,"2,291",3.42
1208,27131,"1,817",1.97
1209,27137,"2,495",2.26
1210,27139,"1,384",2.46
1211,27141,"1,621",1.66
1212,27143,"2,776",2.44
1213,27145,"1,729",1.44
1214,27147,"2,909",1.39
1215,27151,"2,298",1.82
1216,27153,"1,922",1.56
1217,27157,"2,182",1.75
1218,27159,"2,594",1.47
1219,27161,"2,547",1.76
1220,27163,"1,188",2.04
1221,27165,"2,812",2.74
1222,27169,"3,297",1.84
1223,27171,"1,591",1.92
1224,27173,"2,297",1.71
1225,28003,"1,489",4.30
1226,28005,"1,482",2.47
1227,28007,963,1.59
1228,28009,"1,594",3.17
1229,28011,"2,303",1.91
1230,28013,"1,896",3.22
1231,28015,"1,625",3.62
1232,28017,"1,640",2.90
1233,28019,"1,480",2.56
1234,28021,"1,345",2.01
1235,28023,"1,004",2.75
1236,28025,"1,760",1.86
1237,28027,"1,903",2.25
1238,28029,"1,053",2.59
1239,28031,716,1.35
1240,28033,808,1.91
1241,28035,740,1.46
1242,28037,"1,307",2.68
1243,28041,991,1.79
1244,28043,"1,558",2.80
1245,28045,"1,195",2.29
1246,28047,"1,560",2.63
1247,28049,"1,000",1.50
1248,28051,963,1.59
1249,28057,"1,350",2.13
1250,28059,940,1.50
1251,28061,794,1.50
1252,28063,"1,323",2.76
1253,28065,875,1.55
1254,28067,720,1.50
1255,28069,"1,127",2.68
1256,28071,"1,789",2.21
1257,28073,740,1.35
1258,28075,"1,126",2.68
1259,28077,915,1.73
1260,28081,"1,360",2.11
1261,28083,"1,993",4.18
1262,28085,"1,562",3.30
1263,28087,"1,624",2.91
1264,28089,745,1.25
1265,28091,736,1.34
1266,28093,880,1.74
1267,28095,"2,274",2.39
1268,28099,939,2.71
1269,28101,955,2.68
1270,28105,"1,603",2.39
1271,28107,"1,785",2.21
1272,28109,"1,117",2.56
1273,28113,"1,672",2.27
1274,28115,"1,214",1.93
1275,28117,"1,653",4.00
1276,28119,"1,647",3.40
1277,28121,838,1.41
1278,28123,904,1.50
1279,28127,867,1.50
1280,28129,793,1.61
1281,28131,"1,338",2.41
1282,28133,"1,702",3.80
1283,28137,864,1.91
1284,28139,"1,637",3.34
1285,28141,"1,489",2.90
1286,28143,860,1.91
1287,28145,"1,783",3.55
1288,28147,946,1.72
1289,28149,"1,346",3.07
1290,28151,"1,926",1.98
1291,28153,818,1.52
1292,28155,"1,362",2.37
1293,28157,987,1.68
1294,28159,"1,144",3.10
1295,28161,"1,875",1.94
1296,28163,"1,046",2.11
1297,29001,"2,773",2.70
1298,29003,"2,159",1.84
1299,29005,"1,987",1.67
1300,29009,"2,072",1.58
1301,29011,"1,897",1.62
1302,29013,"1,757",1.72
1303,29015,"2,092",1.53
1304,29019,999,1.66
1305,29021,"2,161",1.81
1306,29023,"1,918",3.62
1307,29025,"1,607",5.55
1308,29027,"1,051",1.80
1309,29029,"1,739",1.67
1310,29031,"1,942",5.06
1311,29033,"1,708",2.73
1312,29037,"1,545",2.04
1313,29039,"2,067",1.60
1314,29041,"1,420",3.02
1315,29043,"2,143",1.62
1316,29047,"1,167",3.31
1317,29049,"1,411",3.47
1318,29051,"1,206",2.46
1319,29053,"1,484",2.71
1320,29055,"1,617",1.75
1321,29057,"2,242",1.77
1322,29061,"2,484",2.48
1323,29063,"2,181",2.50
1324,29065,"2,574",1.72
1325,29069,"1,848",3.80
1326,29071,"1,208",1.63
1327,29073,"1,510",1.56
1328,29077,"2,120",1.54
1329,29079,"1,581",4.09
1330,29083,"1,946",1.50
1331,29085,"1,836",1.92
1332,29089,"1,052",1.85
1333,29091,"2,203",1.79
1334,29093,"1,299",1.82
1335,29095,"1,493",2.37
1336,29097,"1,663",1.58
1337,29099,"1,288",1.65
1338,29101,"1,554",2.14
1339,29105,"2,470",1.79
1340,29107,"1,713",1.86
1341,29109,"2,210",1.56
1342,29113,"1,389",1.71
1343,29117,"1,754",2.50
1344,29119,"1,736",1.94
1345,29121,"2,083",4.47
1346,29123,"1,248",2.97
1347,29125,"1,740",3.20
1348,29127,"1,913",1.96
1349,29129,"1,748",2.54
1350,29131,"1,487",1.77
1351,29133,"1,848",4.15
1352,29135,"1,449",2.71
1353,29137,974,1.66
1354,29139,"1,331",2.37
1355,29141,"1,529",2.35
1356,29143,"3,443",5.97
1357,29145,"1,793",1.60
1358,29147,"2,478",1.59
1359,29149,"2,023",4.25
1360,29151,"1,447",2.71
1361,29155,"2,070",4.50
1362,29157,"1,365",1.50
1363,29159,"1,373",1.89
1364,29161,"2,380",1.89
1365,29163,"1,813",1.72
1366,29165,"1,278",3.36
1367,29167,"2,046",1.69
1368,29169,"2,825",2.33
1369,29171,"2,605",2.82
1370,29173,"1,707",1.84
1371,29175,"1,867",4.30
1372,29177,"1,210",2.60
1373,29179,"1,912",2.63
1374,29181,"2,310",6.38
1375,29183,"1,298",1.37
1376,29185,"2,308",2.31
1377,29186,"1,230",1.59
1378,29187,"1,412",1.94
1379,29189,"1,200",1.88
1380,29195,"1,257",1.72
1381,29201,"1,918",5.08
1382,29203,"2,068",1.42
1383,29205,937,2.05
1384,29207,"1,976",4.72
1385,29209,"2,063",1.73
1386,29213,"1,948",1.65
1387,29215,"2,254",2.02
1388,29217,"2,653",2.00
1389,29219,"1,308",1.62
1390,29221,"1,292",1.86
1391,29223,"2,254",6.61
1392,29225,"2,101",1.53
1393,29229,"2,163",1.54
1394,29510,"1,330",1.51
1395,30001,"1,994",1.98
1396,30007,"1,437",1.42
1397,30013,"1,324",1.79
1398,30029,"2,466",2.43
1399,30031,"1,495",1.21
1400,30041,"2,155",1.48
1401,30043,"1,556",1.63
1402,30047,"2,231",2.25
1403,30049,"1,468",1.50
1404,30053,"1,189",2.71
1405,30057,"1,576",1.22
1406,30063,"2,035",1.49
1407,30067,"1,750",1.84
1408,30081,"2,062",1.78
1409,30083,"1,543",1.35
1410,30089,"1,512",1.59
1411,30093,"2,099",2.00
1412,30095,"1,298",1.55
1413,30111,"1,560",1.52
1414,31001,"1,955",2.39
1415,31019,"1,656",2.13
1416,31021,"2,580",2.14
1417,31023,"2,415",1.70
1418,31025,"1,649",1.81
1419,31027,"2,515",2.05
1420,31033,"3,187",3.08
1421,31035,"2,161",1.67
1422,31037,"2,232",1.92
1423,31039,"2,495",1.36
1424,31041,"2,415",1.66
1425,31043,"2,278",2.04
1426,31047,"2,020",3.15
1427,31051,"2,058",2.19
1428,31053,"1,583",2.14
1429,31055,"1,664",1.58
1430,31067,"2,603",5.47
1431,31073,"2,161",2.73
1432,31079,"1,492",1.84
1433,31081,"1,680",1.87
1434,31083,"2,094",1.63
1435,31089,"1,834",1.24
1436,31093,"2,032",2.95
1437,31099,"1,477",1.89
1438,31107,"2,853",2.30
1439,31109,"1,130",1.19
1440,31111,"1,722",1.56
1441,31119,"1,066",1.84
1442,31121,"2,632",1.99
1443,31125,"2,287",1.47
1444,31127,"2,104",3.16
1445,31131,"1,474",1.65
1446,31135,"2,490",1.57
1447,31141,"1,978",1.49
1448,31143,"2,477",1.56
1449,31147,"2,195",2.32
1450,31151,"1,651",3.47
1451,31153,"1,711",1.74
1452,31155,"1,530",2.21
1453,31157,"2,294",1.51
1454,31159,"1,373",2.34
1455,31163,"1,910",2.45
1456,31165,"2,070",1.47
1457,31177,"1,809",1.83
1458,31179,"1,927",3.34
1459,31185,"1,306",2.44
1460,32001,"1,456",2.97
1461,32003,"1,089",2.83
1462,32005,"1,155",1.50
1463,32007,"1,806",1.45
1464,32011,"1,857",3.77
1465,32013,"1,375",1.94
1466,32019,"1,068",1.27
1467,32023,"1,350",3.11
1468,32027,"1,305",1.97
1469,32029,842,1.58
1470,32031,851,1.58
1471,32510,999,1.27
1472,33001,"2,246",2.80
1473,33003,"2,118",2.24
1474,33005,"2,259",1.67
1475,33007,"2,888",2.57
1476,33009,"2,147",1.85
1477,33011,"2,301",2.17
1478,33013,"1,904",2.65
1479,33015,"2,494",2.23
1480,33017,"2,608",1.54
1481,33019,"2,148",1.73
1482,34001,"1,512",2.05
1483,34003,"1,994",2.54
1484,34005,"1,407",2.31
1485,34007,"1,425",2.80
1486,34009,"1,692",2.40
1487,34011,"1,408",2.30
1488,34013,"1,423",2.83
1489,34015,"1,281",2.06
1490,34017,"2,084",2.23
1491,34019,"1,681",2.59
1492,34021,"1,559",2.20
1493,34023,"1,606",2.59
1494,34025,"1,683",3.27
1495,34027,"1,325",2.74
1496,34029,"1,193",2.71
1497,34031,"1,690",2.31
1498,34033,"1,464",2.49
1499,34035,"1,609",1.71
1500,34037,"2,157",5.02
1501,34039,"1,548",1.71
1502,34041,"1,888",3.17
1503,35001,"1,707",4.40
1504,35005,"2,604",2.99
1505,35006,"1,621",3.75
1506,35007,"1,831",3.65
1507,35009,"2,420",6.47
1508,35013,"2,107",4.87
1509,35015,"3,908",2.47
1510,35017,"2,162",1.47
1511,35023,"1,869",5.05
1512,35025,"3,039",2.94
1513,35027,"2,273",1.58
1514,35029,"4,190",3.26
1515,35031,"2,931",1.58
1516,35035,"2,363",1.75
1517,35039,"1,793",5.30
1518,35041,"2,318",2.72
1519,35043,"2,064",4.13
1520,35045,"1,557",1.42
1521,35047,"1,649",3.71
1522,35049,"1,084",1.50
1523,35055,"1,711",3.72
1524,35057,"1,643",4.28
1525,35061,"1,588",4.41
1526,36001,"1,994",2.58
1527,36003,"1,488",1.88
1528,36005,"1,913",1.59
1529,36007,"2,347",2.00
1530,36009,"1,633",2.00
1531,36011,"1,485",1.92
1532,36013,"1,338",1.71
1533,36015,"1,598",2.02
1534,36017,"2,325",2.62
1535,36019,"2,287",1.62
1536,36021,"1,896",2.01
1537,36023,"1,392",2.30
1538,36025,"2,018",2.06
1539,36027,"1,689",2.73
1540,36029,"1,215",2.20
1541,36031,"2,261",1.77
1542,36033,"1,847",1.39
1543,36035,"1,898",2.24
1544,36037,"1,829",1.98
1545,36039,"1,680",2.02
1546,36043,"1,750",2.26
1547,36045,"2,545",1.67
1548,36047,"2,267",1.80
1549,36049,"1,986",2.33
1550,36051,"1,399",2.13
1551,36053,"1,715",3.11
1552,36055,"1,424",2.01
1553,36057,"1,945",1.91
1554,36059,"2,007",2.05
1555,36061,"2,305",1.73
1556,36063,"1,241",1.72
1557,36065,"1,856",2.37
1558,36067,"1,047",1.50
1559,36069,"1,447",1.68
1560,36071,"1,671",1.73
1561,36073,"1,425",1.75
1562,36075,"1,083",1.85
1563,36077,"1,633",1.92
1564,36079,"2,217",2.74
1565,36081,"2,297",1.93
1566,36083,"2,304",2.43
1567,36085,"2,262",2.12
1568,36087,"2,206",2.28
1569,36089,"1,743",2.22
1570,36091,"2,176",3.01
1571,36093,"2,302",3.14
1572,36095,"1,579",2.36
1573,36097,"1,739",1.38
1574,36099,"1,529",1.62
1575,36101,"1,714",1.49
1576,36103,"2,021",1.99
1577,36105,"2,140",1.96
1578,36107,"1,982",2.87
1579,36109,"1,320",1.88
1580,36111,"1,291",1.70
1581,36113,"1,951",1.28
1582,36115,"2,099",1.50
1583,36117,"1,472",1.82
1584,36119,"2,365",2.11
1585,36121,"1,492",2.26
1586,36123,"1,435",1.78
1587,37001,"1,281",1.78
1588,37003,"1,011",1.50
1589,37005,"1,369",3.38
1590,37007,"2,060",4.17
1591,37009,"1,281",5.32
1592,37011,"1,175",2.77
1593,37013,"1,324",3.16
1594,37015,"1,693",4.55
1595,37017,985,1.75
1596,37019,"1,208",3.63
1597,37021,"1,035",1.50
1598,37023,"1,759",6.70
1599,37025,"1,355",2.55
1600,37027,"2,007",7.43
1601,37029,"1,893",4.16
1602,37031,"2,062",3.36
1603,37033,"1,748",3.08
1604,37035,"1,319",4.12
1605,37037,"1,096",2.57
1606,37039,"1,258",2.83
1607,37043,980,1.53
1608,37045,"1,879",3.34
1609,37047,"1,555",4.96
1610,37049,656,1.37
1611,37051,711,1.59
1612,37053,927,1.83
1613,37055,"2,049",3.80
1614,37057,863,1.69
1615,37059,820,1.44
1616,37061,"1,367",3.81
1617,37063,"1,121",3.10
1618,37065,"1,257",4.13
1619,37067,790,1.34
1620,37069,"1,164",3.22
1621,37071,"1,491",2.83
1622,37073,687,1.58
1623,37075,"1,625",4.23
1624,37077,912,1.60
1625,37079,"1,226",3.41
1626,37081,871,1.80
1627,37083,"1,677",5.80
1628,37085,858,1.91
1629,37087,"1,964",2.98
1630,37089,"1,214",2.02
1631,37093,701,1.75
1632,37095,"1,463",3.95
1633,37097,"1,451",3.77
1634,37099,"2,083",3.25
1635,37101,977,1.60
1636,37103,"1,243",3.80
1637,37105,773,1.46
1638,37107,906,2.91
1639,37109,"1,585",4.10
1640,37111,"1,591",2.45
1641,37113,"1,780",3.29
1642,37115,"1,087",1.51
1643,37117,"1,193",3.31
1644,37119,"1,198",2.00
1645,37121,"1,429",2.34
1646,37123,"2,386",3.81
1647,37125,"1,058",2.59
1648,37127,"1,369",4.78
1649,37129,853,2.26
1650,37131,"1,444",4.17
1651,37133,"2,139",4.65
1652,37135,"1,395",4.22
1653,37137,887,1.66
1654,37141,822,1.91
1655,37143,"2,273",4.47
1656,37145,"1,134",3.00
1657,37147,799,1.65
1658,37149,"1,535",3.83
1659,37151,965,2.00
1660,37153,"1,619",3.76
1661,37155,"1,573",5.68
1662,37157,"1,206",3.13
1663,37159,"1,701",3.64
1664,37161,"2,048",2.48
1665,37163,810,1.75
1666,37165,"1,907",2.24
1667,37167,"2,444",7.65
1668,37169,856,1.34
1669,37171,"1,280",3.98
1670,37173,"2,255",3.60
1671,37175,"1,286",3.31
1672,37179,"1,138",2.00
1673,37181,"1,587",2.46
1674,37183,808,1.47
1675,37185,"1,857",3.15
1676,37189,"1,440",4.17
1677,37191,"1,512",3.48
1678,37193,"1,378",4.32
1679,37195,"1,164",2.88
1680,37197,934,1.35
1681,37199,"1,066",1.54
1682,38003,"1,928",1.55
1683,38005,"1,552",1.39
1684,38015,"1,817",3.00
1685,38017,"1,551",1.26
1686,38035,924,1.89
1687,38073,"3,265",1.54
1688,38089,"2,483",2.70
1689,38101,"1,673",1.32
1690,38105,"2,436",2.68
1691,39001,"1,642",1.85
1692,39003,"1,116",2.19
1693,39005,"1,593",1.77
1694,39007,"1,176",1.63
1695,39009,"2,427",2.87
1696,39011,"2,350",2.83
1697,39013,"2,173",3.89
1698,39015,"1,678",3.80
1699,39017,"1,467",3.87
1700,39019,972,3.03
1701,39021,"1,873",2.32
1702,39023,"1,427",2.90
1703,39025,"1,422",3.69
1704,39027,918,1.72
1705,39029,"1,610",3.82
1706,39031,"1,863",2.11
1707,39033,"1,983",2.36
1708,39035,"1,271",2.57
1709,39037,"1,759",5.05
1710,39039,"3,622",1.64
1711,39041,"1,221",2.62
1712,39043,"2,312",1.76
1713,39045,"1,186",2.19
1714,39047,"1,901",4.45
1715,39049,"1,098",1.99
1716,39051,"1,454",3.20
1717,39053,"3,379",1.63
1718,39055,"1,068",2.43
1719,39057,999,1.50
1720,39059,"1,971",1.88
1721,39061,"1,158",3.69
1722,39063,"1,267",2.69
1723,39065,"1,794",2.30
1724,39067,"1,771",3.77
1725,39069,"2,171",2.69
1726,39071,"1,399",3.75
1727,39073,"1,482",1.62
1728,39075,"1,090",3.61
1729,39077,"2,740",2.15
1730,39079,"2,915",1.39
1731,39081,"1,719",1.69
1732,39083,"1,579",2.93
1733,39085,"1,084",2.13
1734,39087,"2,773",4.55
1735,39089,"1,233",2.32
1736,39091,"1,875",2.53
1737,39093,"1,153",2.32
1738,39095,"1,059",2.42
1739,39097,"1,170",2.40
1740,39099,"1,297",1.60
1741,39101,"1,580",2.05
1742,39103,"1,201",2.35
1743,39105,"3,202",2.23
1744,39107,"2,114",2.22
1745,39109,"1,905",5.52
1746,39111,"2,721",3.02
1747,39113,"1,165",1.78
1748,39115,"1,368",2.25
1749,39117,"1,647",2.00
1750,39119,"1,539",2.08
1751,39121,"2,603",2.32
1752,39123,"1,765",1.57
1753,39125,"2,717",2.60
1754,39127,"1,388",2.01
1755,39129,"1,538",2.76
1756,39131,"2,716",1.59
1757,39133,"1,194",2.84
1758,39135,"1,769",4.36
1759,39137,"1,034",1.63
1760,39139,"1,726",2.35
1761,39141,"1,705",3.55
1762,39143,"1,630",2.05
1763,39145,"3,121",1.64
1764,39147,"2,763",2.30
1765,39149,"2,615",4.53
1766,39151,651,1.29
1767,39153,"1,113",2.67
1768,39155,998,2.92
1769,39157,"1,137",3.25
1770,39159,"1,240",2.56
1771,39161,"1,724",1.36
1772,39163,"2,843",1.67
1773,39165,"1,248",3.47
1774,39167,"2,851",2.40
1775,39169,904,2.19
1776,39171,"2,710",2.14
1777,39173,"1,249",2.59
1778,39175,"1,285",2.19
1779,40001,"2,291",3.98
1780,40003,"1,968",3.22
1781,40005,"1,870",2.72
1782,40007,"3,605",2.36
1783,40009,"2,867",3.40
1784,40011,"1,526",4.34
1785,40013,"2,271",2.26
1786,40015,"2,298",3.01
1787,40017,"1,146",2.70
1788,40019,"1,463",1.71
1789,40021,"1,447",2.95
1790,40023,"1,912",4.63
1791,40027,927,2.03
1792,40031,"1,895",1.81
1793,40033,"2,200",1.78
1794,40035,"2,276",1.87
1795,40037,"1,209",2.35
1796,40039,"1,829",4.56
1797,40041,"2,135",2.19
1798,40047,"1,688",3.58
1799,40049,"1,163",3.77
1800,40051,"1,891",5.10
1801,40055,"2,131",2.15
1802,40057,"2,038",3.85
1803,40059,"2,124",2.78
1804,40061,923,1.73
1805,40065,"2,204",1.86
1806,40067,"1,611",1.50
1807,40069,"1,619",4.76
1808,40071,"2,336",3.41
1809,40073,"1,601",3.91
1810,40075,"1,902",3.95
1811,40077,"1,170",2.46
1812,40079,926,1.86
1813,40081,"1,444",3.39
1814,40083,"1,212",3.07
1815,40085,"1,627",1.74
1816,40087,854,1.63
1817,40089,"1,907",6.65
1818,40091,"1,304",2.58
1819,40093,"1,570",5.02
1820,40095,"1,786",1.79
1821,40097,"1,758",2.38
1822,40099,"1,323",3.39
1823,40101,"1,278",1.93
1824,40103,"1,938",2.57
1825,40105,"1,253",1.62
1826,40107,"1,433",2.90
1827,40109,"1,110",2.42
1828,40111,"1,365",2.79
1829,40113,"1,493",2.37
1830,40115,"2,157",1.66
1831,40117,"1,526",2.71
1832,40119,"1,852",1.23
1833,40121,"1,325",1.81
1834,40123,"2,171",2.93
1835,40125,"1,363",3.09
1836,40127,"1,421",3.10
1837,40131,"1,233",2.21
1838,40133,"1,825",3.86
1839,40135,"1,014",2.02
1840,40137,"2,025",2.46
1841,40139,"3,330",2.14
1842,40143,"1,047",2.27
1843,40145,"1,016",2.19
1844,40147,"1,051",1.79
1845,40149,"1,838",2.56
1846,40153,"2,519",6.45
1847,41001,"2,519",1.44
1848,41003,"1,363",1.50
1849,41005,"1,439",1.98
1850,41007,"2,757",1.71
1851,41009,"1,526",2.43
1852,41011,"1,656",2.79
1853,41013,"2,039",3.19
1854,41015,"3,354",3.50
1855,41017,"1,914",3.02
1856,41019,"2,350",3.17
1857,41027,"2,438",3.44
1858,41029,"1,370",2.58
1859,41031,"2,780",1.95
1860,41033,"1,710",4.97
1861,41035,"2,332",2.46
1862,41039,"1,230",1.55
1863,41041,"2,400",3.15
1864,41043,"2,189",2.59
1865,41045,"2,324",2.00
1866,41047,"1,939",4.80
1867,41049,"2,179",2.49
1868,41051,"1,511",1.77
1869,41053,"1,346",1.34
1870,41057,"3,088",3.90
1871,41059,"2,654",1.93
1872,41065,"2,271",1.72
1873,41067,"1,427",1.67
1874,41071,"1,890",3.78
1875,42001,"1,720",3.62
1876,42003,"1,226",2.81
1877,42005,"1,268",1.49
1878,42007,759,1.76
1879,42009,"1,108",2.15
1880,42011,"1,097",1.67
1881,42013,996,2.91
1882,42015,"1,243",1.08
1883,42017,"1,517",2.43
1884,42019,"1,275",2.83
1885,42021,"1,243",1.68
1886,42025,"1,337",2.79
1887,42027,"1,204",2.93
1888,42029,"1,059",1.70
1889,42031,"1,283",2.08
1890,42033,"1,787",1.72
1891,42035,"1,345",2.46
1892,42037,"1,962",4.53
1893,42039,"1,842",2.26
1894,42041,861,1.51
1895,42043,880,1.78
1896,42045,"1,555",3.37
1897,42047,"1,425",5.50
1898,42049,787,1.70
1899,42051,770,1.90
1900,42055,"1,249",1.95
1901,42057,"1,269",1.72
1902,42059,"1,076",3.03
1903,42061,"1,532",4.37
1904,42063,"1,345",3.05
1905,42065,"1,553",1.79
1906,42067,"1,306",3.60
1907,42069,"1,100",1.68
1908,42071,"1,201",1.68
1909,42073,942,2.34
1910,42075,"1,089",2.76
1911,42077,"1,237",2.06
1912,42079,"1,335",1.67
1913,42081,"2,026",8.47
1914,42083,"1,439",1.85
1915,42085,"1,663",1.74
1916,42087,"1,360",2.89
1917,42089,"1,804",3.82
1918,42091,"1,329",2.70
1919,42093,"3,157",7.73
1920,42095,"1,330",2.12
1921,42097,"2,879",6.54
1922,42099,863,1.64
1923,42101,"1,869",3.79
1924,42103,"1,898",4.05
1925,42105,"1,906",2.08
1926,42107,"1,309",1.85
1927,42109,"2,185",5.13
1928,42111,"1,320",1.76
1929,42113,"2,612",5.44
1930,42115,"1,933",3.20
1931,42117,"2,043",2.31
1932,42119,"2,814",3.32
1933,42121,975,1.96
1934,42123,931,2.60
1935,42125,"1,196",2.81
1936,42127,"1,532",2.92
1937,42129,"1,171",1.99
1938,42131,"1,510",4.18
1939,42133,"1,084",2.77
1940,44001,"1,116",2.56
1941,44003,"1,158",2.55
1942,44005,"1,282",3.43
1943,44007,"1,264",2.97
1944,44009,"1,494",3.09
1945,45001,933,1.83
1946,45003,"1,590",3.62
1947,45005,"1,485",4.08
1948,45007,"1,591",3.88
1949,45009,"1,703",3.45
1950,45011,"1,850",4.99
1951,45013,"2,026",2.14
1952,45015,"1,396",2.77
1953,45017,880,1.50
1954,45019,"1,223",2.04
1955,45021,"2,749",1.65
1956,45023,"1,117",1.74
1957,45025,"3,194",4.39
1958,45027,"2,407",4.10
1959,45029,"1,777",4.85
1960,45031,"3,054",1.68
1961,45033,"3,500",1.75
1962,45035,"1,261",2.77
1963,45037,"1,263",2.93
1964,45039,841,1.23
1965,45041,"3,125",1.50
1966,45043,"2,188",4.72
1967,45045,"1,754",3.84
1968,45047,"1,099",2.20
1969,45049,"2,418",3.04
1970,45051,"1,640",5.07
1971,45053,"1,885",3.46
1972,45055,"1,540",3.31
1973,45057,"1,473",3.06
1974,45059,"1,832",4.27
1975,45061,"2,688",2.00
1976,45063,798,1.42
1977,45065,"1,608",3.84
1978,45067,"2,982",1.83
1979,45069,"3,245",2.07
1980,45071,"1,556",5.15
1981,45073,"1,737",3.67
1982,45075,"1,228",3.09
1983,45077,"2,006",4.27
1984,45079,852,1.23
1985,45081,"1,046",3.18
1986,45083,"2,379",3.27
1987,45085,"2,958",3.93
1988,45087,"2,724",1.98
1989,45089,"2,537",2.34
1990,45091,"1,003",2.31
1991,46011,"2,994",1.29
1992,46013,"1,706",1.46
1993,46027,"3,777",1.91
1994,46029,"2,261",1.75
1995,46033,"1,730",1.44
1996,46037,"2,336",2.30
1997,46051,"2,205",3.72
1998,46061,"3,995",1.47
1999,46065,"2,077",1.84
2000,46079,"2,148",2.78
2001,46081,"2,729",2.00
2002,46083,"2,790",1.73
2003,46093,"2,158",1.77
2004,46099,"2,943",1.58
2005,46103,"2,158",1.78
2006,46125,"2,954",1.55
2007,46127,"2,283",2.02
2008,46135,"2,291",1.91
2009,47001,937,1.76
2010,47003,"1,398",2.56
2011,47005,"1,680",2.68
2012,47007,"1,811",2.45
2013,47009,994,1.86
2014,47011,"1,954",4.17
2015,47013,960,1.80
2016,47015,"2,064",3.20
2017,47017,"2,083",1.90
2018,47019,"1,220",3.74
2019,47021,"1,206",3.34
2020,47023,"1,957",1.16
2021,47025,"1,531",3.20
2022,47027,"1,446",2.66
2023,47029,"1,299",2.44
2024,47031,"1,381",2.92
2025,47033,"1,490",3.59
2026,47035,"1,402",3.19
2027,47037,"1,342",3.42
2028,47039,"1,328",2.72
2029,47041,"1,216",2.29
2030,47043,"1,218",3.18
2031,47045,"1,612",2.12
2032,47047,811,1.55
2033,47049,"1,677",3.04
2034,47051,"1,461",3.89
2035,47053,"2,025",3.05
2036,47055,"1,795",4.66
2037,47057,"1,142",1.92
2038,47059,"1,237",2.13
2039,47061,"1,309",2.82
2040,47063,"1,219",1.74
2041,47065,"1,617",3.55
2042,47067,"1,088",1.50
2043,47069,"1,409",3.49
2044,47071,"1,144",2.22
2045,47073,"1,034",3.14
2046,47075,"1,501",2.86
2047,47077,"1,944",1.83
2048,47079,"1,605",2.91
2049,47081,"1,358",3.37
2050,47083,999,2.30
2051,47085,"1,390",2.30
2052,47087,"1,173",2.88
2053,47089,"1,088",1.86
2054,47091,"1,391",4.48
2055,47093,"1,060",2.02
2056,47097,"1,144",3.25
2057,47099,"1,896",4.71
2058,47101,"1,841",4.55
2059,47103,"1,162",2.31
2060,47105,"1,121",1.96
2061,47107,"1,475",2.48
2062,47109,"1,539",3.41
2063,47111,"1,263",3.17
2064,47113,"1,894",1.67
2065,47115,"1,739",4.00
2066,47117,"1,615",4.42
2067,47119,"1,442",3.67
2068,47121,"1,569",2.95
2069,47123,908,1.63
2070,47125,"1,021",3.00
2071,47127,"1,126",2.18
2072,47129,980,1.82
2073,47131,"1,720",3.28
2074,47133,"1,551",3.22
2075,47135,"1,700",2.60
2076,47139,"2,024",3.53
2077,47141,"1,596",2.92
2078,47143,"1,927",1.87
2079,47145,"1,111",1.99
2080,47147,"1,687",3.59
2081,47149,"1,467",3.00
2082,47151,"1,022",1.88
2083,47153,"1,648",3.63
2084,47155,"1,185",2.05
2085,47157,794,1.76
2086,47159,"1,188",2.54
2087,47161,"1,152",4.16
2088,47163,846,2.39
2089,47165,"1,605",4.30
2090,47167,803,1.76
2091,47169,"1,123",2.70
2092,47171,"1,167",2.26
2093,47173,942,1.69
2094,47175,"1,787",3.11
2095,47177,"1,479",3.11
2096,47179,800,2.23
2097,47181,"1,678",4.48
2098,47183,"2,060",3.07
2099,47185,"1,428",3.28
2100,47187,"1,256",2.76
2101,47189,"1,087",3.04
2102,48001,"2,402",2.69
2103,48003,"1,796",3.34
2104,48005,"1,311",1.15
2105,48007,"1,034",2.31
2106,48009,"1,424",1.47
2107,48011,"1,716",2.38
2108,48013,"1,001",2.36
2109,48015,"1,548",2.42
2110,48017,"1,650",5.82
2111,48019,"1,002",2.39
2112,48021,"1,560",2.05
2113,48025,"1,572",3.24
2114,48027,"1,468",1.98
2115,48029,801,1.77
2116,48031,"1,344",1.77
2117,48035,"1,178",2.43
2118,48037,"1,830",3.60
2119,48039,"1,072",1.94
2120,48041,"1,340",1.66
2121,48043,"2,449",5.69
2122,48047,"1,317",3.32
2123,48049,"2,965",3.84
2124,48051,"1,078",1.58
2125,48053,"1,589",1.97
2126,48055,"1,293",2.10
2127,48057,"2,570",1.89
2128,48059,"1,993",3.79
2129,48061,"2,088",4.25
2130,48067,"1,977",3.12
2131,48069,"1,804",5.63
2132,48071,"1,687",3.77
2133,48073,"2,063",2.37
2134,48075,"1,555",1.21
2135,48077,"2,160",2.98
2136,48083,"2,367",6.23
2137,48085,"1,419",2.50
2138,48089,"1,566",1.95
2139,48091,929,2.39
2140,48093,"1,808",2.25
2141,48097,"2,283",2.63
2142,48099,"1,552",3.95
2143,48103,"1,921",3.77
2144,48105,"2,666",2.51
2145,48107,"1,897",7.14
2146,48111,"2,049",2.65
2147,48113,"1,502",2.49
2148,48115,"1,676",3.67
2149,48117,"1,166",2.02
2150,48119,"1,912",2.25
2151,48121,"1,657",1.99
2152,48123,"2,482",1.89
2153,48127,"1,051",1.93
2154,48129,997,1.50
2155,48131,"1,080",2.13
2156,48133,"1,919",3.15
2157,48135,"2,522",2.52
2158,48139,"1,580",2.79
2159,48141,"1,113",1.77
2160,48143,"1,783",2.02
2161,48145,"1,020",1.99
2162,48147,"1,710",2.29
2163,48149,"1,478",1.90
2164,48151,"1,829",3.42
2165,48157,"1,500",2.32
2166,48159,"1,802",2.04
2167,48161,"2,212",4.57
2168,48163,958,1.72
2169,48165,"1,505",6.16
2170,48167,"1,075",2.00
2171,48171,"2,231",1.89
2172,48173,"3,533",2.82
2173,48175,"2,280",3.37
2174,48177,"1,912",2.40
2175,48179,"2,060",2.75
2176,48181,"1,847",2.32
2177,48183,"2,227",2.13
2178,48185,"1,313",1.91
2179,48187,"1,539",3.65
2180,48189,"2,261",3.36
2181,48193,"1,691",5.65
2182,48195,"1,347",2.30
2183,48197,"2,060",2.24
2184,48199,"1,110",2.16
2185,48201,"1,390",2.39
2186,48203,"2,309",2.28
2187,48207,"1,025",1.32
2188,48209,"1,314",1.62
2189,48211,"2,401",4.12
2190,48213,"1,785",1.76
2191,48215,"2,614",1.65
2192,48217,"1,747",3.52
2193,48219,"2,255",5.03
2194,48221,"1,351",2.07
2195,48223,"1,564",2.20
2196,48225,"1,880",3.91
2197,48231,"1,579",2.40
2198,48233,"1,996",2.64
2199,48235,"2,473",1.83
2200,48237,"1,892",2.18
2201,48239,"2,436",2.19
2202,48241,"1,141",2.11
2203,48245,"1,778",4.55
2204,48247,888,1.49
2205,48249,"1,054",2.48
2206,48251,"1,420",2.66
2207,48253,"2,043",2.57
2208,48255,"1,555",3.47
2209,48257,"1,571",2.80
2210,48259,882,2.21
2211,48263,"1,432",3.82
2212,48265,"2,171",3.57
2213,48267,"1,816",2.10
2214,48273,922,1.84
2215,48275,967,1.69
2216,48277,"3,090",1.96
2217,48279,"2,267",6.21
2218,48281,"2,040",2.10
2219,48283,"1,321",2.45
2220,48285,"1,982",1.69
2221,48287,"1,642",1.94
2222,48289,"1,819",3.91
2223,48291,"1,718",2.39
2224,48293,"1,777",4.19
2225,48295,"1,713",2.21
2226,48297,"1,276",2.21
2227,48299,"1,901",1.69
2228,48303,"2,104",5.07
2229,48305,"1,820",5.17
2230,48307,"2,517",2.14
2231,48309,"1,181",2.60
2232,48313,"1,200",2.29
2233,48315,"2,224",2.14
2234,48317,"3,185",1.54
2235,48321,"1,224",1.82
2236,48323,"1,442",3.67
2237,48325,954,2.60
2238,48327,"2,263",2.05
2239,48329,"2,855",1.46
2240,48331,"1,824",2.09
2241,48333,"2,823",2.77
2242,48335,"1,964",3.49
2243,48337,"2,057",2.95
2244,48339,"1,273",2.06
2245,48341,"2,189",2.56
2246,48343,"1,981",1.95
2247,48347,"2,298",2.36
2248,48349,"2,145",2.65
2249,48351,"1,458",3.58
2250,48353,"1,903",3.22
2251,48355,897,1.77
2252,48357,"1,688",3.04
2253,48361,"1,733",3.85
2254,48363,"1,441",2.34
2255,48365,"1,994",2.28
2256,48367,"1,527",2.35
2257,48369,"1,697",2.72
2258,48371,"1,730",5.48
2259,48373,"1,563",2.15
2260,48375,"1,632",3.04
2261,48377,"3,311",11.57
2262,48379,"1,707",1.90
2263,48381,"1,566",3.04
2264,48385,"2,113",3.39
2265,48387,"2,222",4.00
2266,48389,"1,466",2.52
2267,48391,"1,765",4.46
2268,48395,"1,084",1.54
2269,48397,"1,735",2.15
2270,48399,"2,191",3.58
2271,48401,"2,146",2.12
2272,48403,"1,982",3.22
2273,48405,"2,034",2.68
2274,48407,"1,582",2.04
2275,48409,"1,091",2.72
2276,48411,"1,508",2.53
2277,48413,"2,197",1.82
2278,48417,"2,265",4.45
2279,48419,"1,993",2.76
2280,48421,"2,219",2.76
2281,48423,"1,775",2.78
2282,48425,"2,049",2.25
2283,48427,"2,192",1.76
2284,48429,"1,574",2.23
2285,48435,"2,806",1.91
2286,48437,"1,475",2.72
2287,48439,"1,267",2.37
2288,48441,"1,835",2.46
2289,48445,"1,839",2.80
2290,48447,"2,153",3.29
2291,48449,"1,717",1.66
2292,48451,"2,502",1.96
2293,48453,"1,381",1.71
2294,48457,"1,152",2.32
2295,48459,"2,097",2.12
2296,48461,"1,938",3.13
2297,48463,"1,194",2.09
2298,48465,"2,040",6.71
2299,48467,"1,759",2.59
2300,48469,"2,323",2.33
2301,48471,"1,585",2.58
2302,48473,"1,420",2.22
2303,48475,"1,946",3.33
2304,48477,"1,906",4.05
2305,48479,"1,106",1.85
2306,48481,"1,997",2.94
2307,48483,"1,733",2.51
2308,48485,"1,383",1.47
2309,48487,"1,641",1.62
2310,48489,"1,178",1.66
2311,48491,"1,431",1.76
2312,48493,804,1.77
2313,48495,"1,374",1.91
2314,48497,"1,827",2.95
2315,48499,"1,795",2.69
2316,48501,"2,158",4.94
2317,48503,"1,475",1.57
2318,48505,"1,037",1.96
2319,48507,"1,216",1.55
2320,49003,"1,495",1.81
2321,49005,"1,116",1.72
2322,49007,"2,235",1.58
2323,49011,"1,339",2.24
2324,49013,"2,396",1.95
2325,49015,"1,843",2.52
2326,49019,"1,758",2.93
2327,49021,"1,176",1.63
2328,49023,"1,347",1.74
2329,49025,"1,485",1.93
2330,49027,"1,580",1.45
2331,49029,"1,443",2.00
2332,49035,"1,026",1.71
2333,49037,"2,338",1.40
2334,49039,"1,488",2.03
2335,49041,"1,512",1.58
2336,49043,"1,132",1.62
2337,49045,"1,308",2.23
2338,49047,"1,755",1.68
2339,49049,"1,043",2.01
2340,49051,"1,260",1.84
2341,49053,854,1.83
2342,49057,"1,388",2.05
2343,50001,"2,734",1.40
2344,50003,"2,351",1.43
2345,50005,"2,961",1.69
2346,50007,"2,781",1.29
2347,50011,"1,944",1.80
2348,50015,"2,526",1.62
2349,50017,"3,325",2.06
2350,50019,"2,640",1.75
2351,50021,"3,001",1.44
2352,50023,"2,836",1.52
2353,50025,"2,185",1.56
2354,50027,"2,254",1.54
2355,51001,"1,609",6.19
2356,51003,"1,453",2.60
2357,51005,"2,050",3.01
2358,51007,"2,064",3.23
2359,51009,"1,131",1.79
2360,51013,"1,310",3.05
2361,51015,"1,382",1.69
2362,51019,"2,246",4.10
2363,51021,"3,098",2.20
2364,51023,"1,781",3.19
2365,51025,"2,663",2.41
2366,51027,"1,741",5.29
2367,51031,"1,889",1.95
2368,51033,"1,881",3.50
2369,51035,"2,012",4.37
2370,51036,"1,829",4.01
2371,51037,"2,532",2.32
2372,51041,"2,161",2.22
2373,51043,"1,487",1.51
2374,51045,"2,444",3.75
2375,51047,"2,043",3.14
2376,51049,"2,351",2.32
2377,51051,"1,786",5.18
2378,51053,"2,840",3.65
2379,51057,"2,430",1.92
2380,51059,"1,136",2.68
2381,51061,"1,632",3.90
2382,51063,"2,540",2.52
2383,51065,"1,586",2.81
2384,51067,"1,961",3.34
2385,51069,"1,597",1.32
2386,51071,"3,488",1.77
2387,51073,"1,905",2.00
2388,51075,"2,005",3.13
2389,51077,"2,397",1.87
2390,51079,"1,614",2.49
2391,51083,"2,383",2.47
2392,51085,"2,123",2.43
2393,51087,"2,246",1.98
2394,51089,"2,301",2.71
2395,51093,"1,585",3.43
2396,51095,"1,525",3.65
2397,51097,"1,908",2.33
2398,51101,"2,189",2.63
2399,51103,"2,233",2.34
2400,51105,"1,476",3.23
2401,51107,"1,240",2.79
2402,51109,"1,790",2.82
2403,51111,"2,968",2.92
2404,51113,"1,912",2.12
2405,51115,"1,795",4.69
2406,51117,"2,214",2.27
2407,51119,"2,046",1.70
2408,51121,"3,323",2.06
2409,51125,"1,471",2.49
2410,51127,"2,211",1.87
2411,51133,"2,227",1.64
2412,51135,"3,064",1.98
2413,51137,"1,904",3.05
2414,51139,"1,672",1.51
2415,51141,"1,824",3.14
2416,51143,"1,767",2.89
2417,51149,"3,141",3.63
2418,51153,"1,166",3.29
2419,51155,"3,456",1.89
2420,51159,"2,049",2.56
2421,51161,"1,773",3.08
2422,51163,"1,880",1.85
2423,51165,"1,708",1.60
2424,51167,"1,735",4.73
2425,51169,"1,033",2.57
2426,51171,"1,840",1.60
2427,51173,"1,750",2.21
2428,51175,"1,632",5.10
2429,51177,"1,834",3.34
2430,51179,"1,864",4.77
2431,51181,"1,686",4.42
2432,51183,"2,749",7.87
2433,51185,"2,903",3.67
2434,51187,"1,628",1.39
2435,51191,"1,240",3.89
2436,51193,"1,840",4.83
2437,51195,"1,503",3.81
2438,51197,"2,643",2.88
2439,51199,"1,705",1.97
2440,51510,"1,198",2.70
2441,51520,942,2.34
2442,51540,"1,445",2.55
2443,51550,"1,336",3.71
2444,51570,"3,013",3.24
2445,51595,"2,472",2.11
2446,51610,"1,181",2.58
2447,51630,"1,886",3.63
2448,51650,"1,969",2.08
2449,51660,"1,708",1.60
2450,51670,"2,568",2.73
2451,51680,"2,012",2.14
2452,51700,"1,805",2.07
2453,51710,"1,467",4.28
2454,51720,"1,728",3.11
2455,51740,"1,603",4.52
2456,51750,"3,035",1.89
2457,51760,"2,236",1.86
2458,51770,"1,651",2.97
2459,51775,"1,794",2.96
2460,51800,"1,185",3.33
2461,51810,"1,365",3.95
2462,51840,"1,673",1.36
2463,53005,"1,486",2.99
2464,53007,"1,239",1.58
2465,53009,"1,575",2.28
2466,53011,"1,479",2.00
2467,53015,"1,957",2.44
2468,53017,995,1.20
2469,53019,"2,697",2.37
2470,53021,"1,702",3.63
2471,53025,"1,548",1.95
2472,53027,"1,712",2.65
2473,53029,"1,950",2.98
2474,53031,"1,297",2.73
2475,53033,"1,326",2.53
2476,53035,"1,197",2.19
2477,53037,"1,995",3.33
2478,53039,"2,412",2.59
2479,53041,"1,461",2.53
2480,53043,"1,248",2.56
2481,53045,973,1.48
2482,53047,"1,496",1.99
2483,53049,"2,491",2.19
2484,53051,"1,552",4.39
2485,53053,"1,125",1.67
2486,53055,"1,276",2.48
2487,53057,"1,746",2.29
2488,53059,"1,729",2.25
2489,53061,"1,126",1.83
2490,53063,992,1.50
2491,53065,"2,286",6.35
2492,53067,882,1.45
2493,53069,"1,734",1.99
2494,53071,"2,182",1.90
2495,53073,908,1.47
2496,53075,"1,493",2.09
2497,53077,938,1.44
2498,54001,"2,923",2.49
2499,54003,"1,799",2.99
2500,54005,"1,506",3.03
2501,54007,"2,031",1.85
2502,54009,"1,652",2.82
2503,54011,"1,965",4.06
2504,54015,"1,585",2.16
2505,54017,"2,613",2.29
2506,54019,"3,129",2.63
2507,54023,"1,221",1.53
2508,54025,"2,902",3.52
2509,54027,"1,596",1.57
2510,54029,"1,353",2.62
2511,54031,"1,497",1.29
2512,54033,"2,124",2.03
2513,54035,"2,180",3.10
2514,54037,"1,814",3.11
2515,54039,"1,421",2.63
2516,54041,"2,873",2.31
2517,54043,"1,621",3.63
2518,54045,"1,954",1.70
2519,54047,"2,133",3.48
2520,54049,"2,072",1.54
2521,54051,"2,389",2.45
2522,54053,"3,072",4.81
2523,54055,"1,982",2.82
2524,54057,"1,057",2.14
2525,54059,"3,070",1.89
2526,54061,"2,069",2.12
2527,54063,"3,009",3.74
2528,54065,"1,727",3.03
2529,54067,"1,778",2.38
2530,54073,"2,756",3.12
2531,54077,"1,619",2.24
2532,54079,"1,736",3.43
2533,54081,"3,099",1.65
2534,54087,"2,160",4.56
2535,54091,"2,145",2.40
2536,54095,"2,593",4.35
2537,54097,"2,863",2.60
2538,54099,"2,978",7.96
2539,54101,"1,610",1.37
2540,54103,"2,314",3.64
2541,54105,"2,427",3.90
2542,54107,"2,460",2.86
2543,54109,"1,864",4.20
2544,55001,"2,655",1.74
2545,55003,"3,009",1.46
2546,55005,"3,655",2.63
2547,55007,"2,745",1.50
2548,55009,"2,578",1.49
2549,55011,"2,699",1.78
2550,55013,"2,656",1.70
2551,55015,"1,726",1.43
2552,55017,"3,008",2.01
2553,55019,"2,432",1.60
2554,55021,"2,887",1.48
2555,55023,"3,298",1.91
2556,55025,"2,948",1.43
2557,55027,"2,311",2.17
2558,55029,"2,932",1.54
2559,55031,"2,536",2.19
2560,55033,"2,436",1.52
2561,55035,"2,700",1.56
2562,55037,"2,470",1.52
2563,55039,"2,000",2.16
2564,55041,"2,681",1.58
2565,55043,"1,706",2.37
2566,55045,"2,605",1.53
2567,55047,"2,327",1.44
2568,55049,"2,188",1.82
2569,55051,"1,948",1.46
2570,55053,"2,713",1.63
2571,55055,"2,587",2.14
2572,55057,"2,468",1.70
2573,55059,"3,047",1.67
2574,55061,"2,682",1.59
2575,55063,"2,790",1.81
2576,55065,"2,451",1.82
2577,55067,"2,350",1.42
2578,55069,"2,181",1.59
2579,55071,"2,978",1.51
2580,55073,"2,095",1.50
2581,55075,"2,449",1.41
2582,55077,"2,262",1.40
2583,55078,"2,238",1.96
2584,55079,"2,328",2.70
2585,55081,"2,803",1.95
2586,55083,"2,514",1.54
2587,55085,"2,530",1.84
2588,55087,"2,060",1.77
2589,55089,"2,323",2.31
2590,55093,"2,257",1.85
2591,55095,"2,312",1.91
2592,55097,"2,384",1.29
2593,55099,"2,115",1.67
2594,55101,"2,953",1.50
2595,55103,"2,911",1.58
2596,55105,"2,622",1.68
2597,55107,"2,885",1.21
2598,55109,"2,045",1.97
2599,55111,"2,185",1.68
2600,55113,"2,957",1.92
2601,55115,"2,189",1.94
2602,55117,"3,050",1.45
2603,55119,"2,546",1.41
2604,55121,"2,906",1.67
2605,55123,"2,817",2.27
2606,55125,"2,766",1.89
2607,55127,"3,292",1.64
2608,55129,"2,519",1.50
2609,55131,"2,108",2.84
2610,55133,"2,276",3.14
2611,55135,"2,067",1.42
2612,55137,"2,237",1.36
2613,55139,"1,849",1.57
2614,55141,"2,511",1.81
2615,56001,"2,000",1.78
2616,56003,"1,690",1.57
2617,56005,"2,601",1.56
2618,56007,"2,976",2.14
2619,56009,"2,989",2.10
2620,56013,"2,552",1.57
2621,56015,"2,404",1.64
2622,56017,"2,391",1.59
2623,56019,"2,035",2.07
2624,56021,"1,398",1.29
2625,56023,"2,733",2.39
2626,56025,"2,274",2.04
2627,56029,"1,756",1.81
2628,56033,"1,532",1.84
2629,56035,"1,610",2.12
2630,56037,"2,159",2.84
2631,56039,"1,441",1.45
2632,56041,"2,504",3.56
2633,56045,"2,519",2.26